"day","mean.temp","high","low","month","year","date"
1,-0.1,4.2,-3.4,1,2010,2010-01-01
2,1.9,7.4,-3.4,1,2010,2010-01-02
3,2.7,7.4,-3.8,1,2010,2010-01-03
4,3.4,12,-4.8,1,2010,2010-01-04
5,4.5,8.5,-1.2,1,2010,2010-01-05
6,1.1,6.9,-5.1,1,2010,2010-01-06
7,0.8,6,-4.2,1,2010,2010-01-07
8,0.8,7.7,-5,1,2010,2010-01-08
9,0.8,7.9,-5.4,1,2010,2010-01-09
10,3.8,8.9,-0.8,1,2010,2010-01-10
11,4.1,9.6,-1.2,1,2010,2010-01-11
12,3.8,5.5,1.2,1,2010,2010-01-12
13,-0.7,2,-3.1,1,2010,2010-01-13
14,-0.9,3.9,-5.4,1,2010,2010-01-14
15,-0.8,6.6,-6.8,1,2010,2010-01-15
16,-0.1,5.2,-4.3,1,2010,2010-01-16
17,0.2,8.5,-6.6,1,2010,2010-01-17
18,0.9,9.2,-6.1,1,2010,2010-01-18
19,3.1,12.6,-4.1,1,2010,2010-01-19
20,6.9,15.5,-3.3,1,2010,2010-01-20
21,7.7,11.3,2.8,1,2010,2010-01-21
22,3.3,8.6,-0.6,1,2010,2010-01-22
23,1.3,7,-3.2,1,2010,2010-01-23
24,0.7,8,-5.1,1,2010,2010-01-24
25,0.4,6.1,-4.5,1,2010,2010-01-25
26,1.5,8,-3.3,1,2010,2010-01-26
27,2.8,10.5,-5.9,1,2010,2010-01-27
28,9,13.2,1.5,1,2010,2010-01-28
29,3.2,9.9,-1.6,1,2010,2010-01-29
30,3,10.2,-2.7,1,2010,2010-01-30
31,4.2,6.7,0.9,1,2010,2010-01-31
1,0.7,5,-3.9,1,2011,2011-01-01
2,1.3,6.9,-2.8,1,2011,2011-01-02
3,1.2,7.6,-3.7,1,2011,2011-01-03
4,2,8.4,-2.8,1,2011,2011-01-04
5,0.6,6.7,-4.9,1,2011,2011-01-05
6,1.9,6.3,-1.3,1,2011,2011-01-06
7,-0.1,4.1,-3.9,1,2011,2011-01-07
8,-0.1,7.7,-6.2,1,2011,2011-01-08
9,1.5,8,-4.5,1,2011,2011-01-09
10,-0.8,2.2,-4.7,1,2011,2011-01-10
11,-0.8,6.6,-6.8,1,2011,2011-01-11
12,0.1,6.6,-5.6,1,2011,2011-01-12
13,-0.3,6.9,-6.3,1,2011,2011-01-13
14,-0.1,6.9,-6.7,1,2011,2011-01-14
15,1,6.4,-3.6,1,2011,2011-01-15
16,-2.5,1.9,-5.7,1,2011,2011-01-16
17,0,5,-5.2,1,2011,2011-01-17
18,0.1,6.7,-5.7,1,2011,2011-01-18
19,-0.2,5.8,-5.2,1,2011,2011-01-19
20,-0.6,6.2,-7.2,1,2011,2011-01-20
21,1.3,6.3,-4.3,1,2011,2011-01-21
22,1.1,8,-5.6,1,2011,2011-01-22
23,1.4,6.8,-3.5,1,2011,2011-01-23
24,1.3,7.9,-4.9,1,2011,2011-01-24
25,1,5.1,-3.2,1,2011,2011-01-25
26,-0.3,5.6,-5.8,1,2011,2011-01-26
27,0.2,5.9,-4.6,1,2011,2011-01-27
28,-0.1,4.3,-3.4,1,2011,2011-01-28
29,-0.2,6.5,-6.5,1,2011,2011-01-29
30,-1.8,3.1,-5.4,1,2011,2011-01-30
31,-2.3,4.4,-9.2,1,2011,2011-01-31
1,4.3,10.8,-3,1,2012,2012-01-01
2,3.2,6.3,0.5,1,2012,2012-01-02
3,2,5.2,-1.7,1,2012,2012-01-03
4,0.9,5.8,-3,1,2012,2012-01-04
5,0.4,5.4,-4.8,1,2012,2012-01-05
6,2.5,9.3,-3.2,1,2012,2012-01-06
7,2.5,6,-0.6,1,2012,2012-01-07
8,1.6,7,-2.8,1,2012,2012-01-08
9,3,9.5,-1.5,1,2012,2012-01-09
10,2.1,10.2,-4,1,2012,2012-01-10
11,1.9,8.9,-1.6,1,2012,2012-01-11
12,0.9,4.8,-2.5,1,2012,2012-01-12
13,2.6,8.6,-3.1,1,2012,2012-01-13
14,3.3,7.1,-0.4,1,2012,2012-01-14
15,2.9,7,-1.5,1,2012,2012-01-15
16,3.8,4.8,2.3,1,2012,2012-01-16
17,3.1,7.8,-3.7,1,2012,2012-01-17
18,1.8,10.8,-5.8,1,2012,2012-01-18
19,3.4,6.3,-0.4,1,2012,2012-01-19
20,6.3,8.2,3.6,1,2012,2012-01-20
21,5.8,8.2,3,1,2012,2012-01-21
22,5,11.2,0,1,2012,2012-01-22
23,3.8,9.1,0.5,1,2012,2012-01-23
24,0.8,5,-1.1,1,2012,2012-01-24
25,0,4.6,-3.4,1,2012,2012-01-25
26,-0.8,3.8,-5.4,1,2012,2012-01-26
27,-0.2,6.7,-5.3,1,2012,2012-01-27
28,0.9,6.7,-3.3,1,2012,2012-01-28
29,0.3,3.8,-2.7,1,2012,2012-01-29
30,-0.2,4.9,-3.5,1,2012,2012-01-30
31,-0.8,5.9,-6.3,1,2012,2012-01-31
1,0,5.9,-5.2,1,2013,2013-01-01
2,3.2,10.3,-2.5,1,2013,2013-01-02
3,-0.3,4.5,-3.8,1,2013,2013-01-03
4,-1.5,3.4,-4.8,1,2013,2013-01-04
5,-2.1,4.8,-6.8,1,2013,2013-01-05
6,-0.3,7.7,-6.3,1,2013,2013-01-06
7,1.1,9.1,-4.2,1,2013,2013-01-07
8,1.7,8.8,-4,1,2013,2013-01-08
9,0.9,8.3,-3.9,1,2013,2013-01-09
10,0.5,7.3,-4.4,1,2013,2013-01-10
11,0.1,6,-4.3,1,2013,2013-01-11
12,0.8,8.9,-4.6,1,2013,2013-01-12
13,2.2,8.2,-5.1,1,2013,2013-01-13
14,4.4,6.8,1.7,1,2013,2013-01-14
15,2.2,4.8,-1.1,1,2013,2013-01-15
16,1.2,7.4,-3.5,1,2013,2013-01-16
17,0.7,4.2,-2.8,1,2013,2013-01-17
18,-0.2,3.2,-3.6,1,2013,2013-01-18
19,1.3,7.6,-5.5,1,2013,2013-01-19
20,3.6,7.3,-1.5,1,2013,2013-01-20
21,2.4,7.2,-4.5,1,2013,2013-01-21
22,6.9,9.4,5,1,2013,2013-01-22
23,3.9,7.4,-1.3,1,2013,2013-01-23
24,3.2,9.8,-4,1,2013,2013-01-24
25,2.4,5.2,-2.1,1,2013,2013-01-25
26,0.1,4.7,-3.5,1,2013,2013-01-26
27,-1,5.4,-7.3,1,2013,2013-01-27
28,-0.3,4.6,-6.6,1,2013,2013-01-28
29,2.1,8.4,-4.2,1,2013,2013-01-29
30,4.2,9.7,-1.5,1,2013,2013-01-30
31,3,12.3,-4,1,2013,2013-01-31
1,5.2,11,0.1,1,2014,2014-01-01
2,2.2,9.6,-2.6,1,2014,2014-01-02
3,2.5,10.4,-3.5,1,2014,2014-01-03
4,2.2,7,-1.2,1,2014,2014-01-04
5,0.3,6.2,-4.2,1,2014,2014-01-05
6,0.5,7,-4.5,1,2014,2014-01-06
7,1.6,10.1,-6.1,1,2014,2014-01-07
8,5.3,7.8,2.4,1,2014,2014-01-08
9,3.5,6.6,-0.7,1,2014,2014-01-09
10,0.5,5.2,-2.9,1,2014,2014-01-10
11,0.4,7.3,-5,1,2014,2014-01-11
12,0.4,6.4,-5.3,1,2014,2014-01-12
13,0.1,4.4,-3.4,1,2014,2014-01-13
14,-0.2,5.9,-4.8,1,2014,2014-01-14
15,1.7,8,-4.6,1,2014,2014-01-15
16,2,8,-3.6,1,2014,2014-01-16
17,1.5,7.5,-3.6,1,2014,2014-01-17
18,1.7,7.3,-2.7,1,2014,2014-01-18
19,-0.7,2.7,-4.3,1,2014,2014-01-19
20,0.6,7.1,-6.5,1,2014,2014-01-20
21,1.8,7.2,-1.8,1,2014,2014-01-21
22,0.4,5.3,-3.9,1,2014,2014-01-22
23,1.3,8.2,-4.1,1,2014,2014-01-23
24,1.5,10.5,-5.7,1,2014,2014-01-24
25,5.8,13.9,-2.9,1,2014,2014-01-25
26,4.5,8.5,0.1,1,2014,2014-01-26
27,1.2,6.5,-3.9,1,2014,2014-01-27
28,1.8,10,-5.7,1,2014,2014-01-28
29,3.3,12,-3.1,1,2014,2014-01-29
30,6.1,10.9,-1.2,1,2014,2014-01-30
31,6,11.2,-0.8,1,2014,2014-01-31
1,2.3,4,0.3,2,2010,2010-02-01
2,4,9.1,-0.1,2,2010,2010-02-02
3,1.4,6.9,-2.4,2,2010,2010-02-03
4,0.3,5.4,-4.8,2,2010,2010-02-04
5,0.5,6.4,-5.6,2,2010,2010-02-05
6,-0.4,3.8,-4.5,2,2010,2010-02-06
7,1.3,6.9,-3.1,2,2010,2010-02-07
8,6.4,12.7,-1.1,2,2010,2010-02-08
9,13.5,18.5,9.2,2,2010,2010-02-09
10,9.7,14.5,6,2,2010,2010-02-10
11,4.8,6.3,3.2,2,2010,2010-02-11
12,3,4.8,-0.9,2,2010,2010-02-12
13,2.4,7.3,-2,2,2010,2010-02-13
14,4.3,8.4,-1.4,2,2010,2010-02-14
15,4.8,6.7,2.5,2,2010,2010-02-15
16,3.2,5.7,-0.4,2,2010,2010-02-16
17,1.1,4.4,-1.8,2,2010,2010-02-17
18,1.4,8,-3.1,2,2010,2010-02-18
19,1.1,8.3,-3.6,2,2010,2010-02-19
20,1.6,8.5,-4.7,2,2010,2010-02-20
21,3.4,10.4,-1.3,2,2010,2010-02-21
22,5.7,14.9,-3.2,2,2010,2010-02-22
23,8.7,17.8,1.5,2,2010,2010-02-23
24,9.9,19.9,0.8,2,2010,2010-02-24
25,14.1,20.8,5.1,2,2010,2010-02-25
26,15.6,17.5,12.9,2,2010,2010-02-26
27,9.2,13.6,6.9,2,2010,2010-02-27
28,6.1,8.4,2.4,2,2010,2010-02-28
1,2,8.3,-6,2,2011,2011-02-01
2,3.3,9.9,-2.6,2,2011,2011-02-02
3,2,11.6,-5.5,2,2011,2011-02-03
4,2.1,11.9,-5.1,2,2011,2011-02-04
5,2.2,11.1,-4.1,2,2011,2011-02-05
6,4,13.4,-4.9,2,2011,2011-02-06
7,3.3,10.2,-2.1,2,2011,2011-02-07
8,3.9,11.8,-4,2,2011,2011-02-08
9,4.9,8.2,1.4,2,2011,2011-02-09
10,2,4.9,-0.4,2,2011,2011-02-10
11,1.1,4.7,-1.5,2,2011,2011-02-11
12,0.9,5.2,-3.2,2,2011,2011-02-12
13,0.4,3.9,-2.9,2,2011,2011-02-13
14,-0.4,3.7,-3,2,2011,2011-02-14
15,1.1,4.6,-3.3,2,2011,2011-02-15
16,1.4,10.7,-6,2,2011,2011-02-16
17,7.2,12.8,-0.3,2,2011,2011-02-17
18,5.8,10.2,1.7,2,2011,2011-02-18
19,3.6,10,-2.3,2,2011,2011-02-19
20,4.2,10.5,-2.7,2,2011,2011-02-20
21,5.8,10.7,-0.1,2,2011,2011-02-21
22,5.3,15,-2.5,2,2011,2011-02-22
23,6.4,15.1,-1.7,2,2011,2011-02-23
24,10.5,14.9,6.1,2,2011,2011-02-24
25,10.3,17.8,4.1,2,2011,2011-02-25
26,5.2,11.5,0.6,2,2011,2011-02-26
27,9.4,17.5,-0.9,2,2011,2011-02-27
28,9.8,13.5,7,2,2011,2011-02-28
1,0.7,6.5,-5.6,2,2012,2012-02-01
2,-2.1,1.6,-5.6,2,2012,2012-02-02
3,-2.4,4.3,-8.9,2,2012,2012-02-03
4,1,7,-5.2,2,2012,2012-02-04
5,3.4,9.2,-4,2,2012,2012-02-05
6,6,8.8,2.9,2,2012,2012-02-06
7,6.9,9.6,3.2,2,2012,2012-02-07
8,1.3,5.5,-2.6,2,2012,2012-02-08
9,-0.5,5.4,-6.3,2,2012,2012-02-09
10,0.8,5.7,-4.1,2,2012,2012-02-10
11,1.1,6.6,-3.3,2,2012,2012-02-11
12,0.4,6.5,-4.8,2,2012,2012-02-12
13,2.3,4.2,-1.9,2,2012,2012-02-13
14,4.3,6.5,1.1,2,2012,2012-02-14
15,2.3,5.8,-0.8,2,2012,2012-02-15
16,1.5,7.3,-2.5,2,2012,2012-02-16
17,1.6,6.5,-1.2,2,2012,2012-02-17
18,-0.8,2.6,-4,2,2012,2012-02-18
19,-0.8,6.1,-6.2,2,2012,2012-02-19
20,0.6,8.2,-5.5,2,2012,2012-02-20
21,2.2,7.6,-4.3,2,2012,2012-02-21
22,6.4,10.6,0.3,2,2012,2012-02-22
23,9.1,11.5,5.9,2,2012,2012-02-23
24,6.3,10.3,1.6,2,2012,2012-02-24
25,4.7,7.6,2.1,2,2012,2012-02-25
26,2.1,4.2,-2.3,2,2012,2012-02-26
27,-0.3,4.3,-3.2,2,2012,2012-02-27
28,1.2,6.4,-5,2,2012,2012-02-28
29,4.1,8.7,0.2,2,2012,2012-02-29
1,6.4,13.8,-3.8,2,2013,2013-02-01
2,11.4,16.6,3.7,2,2013,2013-02-02
3,5.9,9.8,2.9,2,2013,2013-02-03
4,7.2,9.3,4.2,2,2013,2013-02-04
5,4.2,6.5,2.2,2,2013,2013-02-05
6,3.7,8.2,0.3,2,2013,2013-02-06
7,4.9,9.5,-0.6,2,2013,2013-02-07
8,-0.6,1.7,-2.4,2,2013,2013-02-08
9,-0.4,3.9,-4.1,2,2013,2013-02-09
10,0.6,8,-5.8,2,2013,2013-02-10
11,0.8,6.5,-4.4,2,2013,2013-02-11
12,1.8,7.3,-4.2,2,2013,2013-02-12
13,2.8,7.2,-2.4,2,2013,2013-02-13
14,3.8,11.1,-2.7,2,2013,2013-02-14
15,3.7,6.4,1.8,2,2013,2013-02-15
16,0.1,3.8,-1.8,2,2013,2013-02-16
17,-0.2,4.2,-6.3,2,2013,2013-02-17
18,4.5,7.2,1,2,2013,2013-02-18
19,1.7,4.3,-2,2,2013,2013-02-19
20,1.7,6.6,-2.2,2,2013,2013-02-20
21,0.7,5.6,-3.6,2,2013,2013-02-21
22,0.9,7.8,-4.4,2,2013,2013-02-22
23,2,5.9,-1.9,2,2013,2013-02-23
24,0.1,4.8,-3.6,2,2013,2013-02-24
25,0.5,4.9,-3.9,2,2013,2013-02-25
26,3.4,8.7,-1.9,2,2013,2013-02-26
27,7,13,1.5,2,2013,2013-02-27
28,5.7,14.3,-0.6,2,2013,2013-02-28
1,4.9,14.5,-2.9,2,2014,2014-02-01
2,9.7,15.6,4.7,2,2014,2014-02-02
3,9.3,14.4,5,2,2014,2014-02-03
4,2.3,7,-1.5,2,2014,2014-02-04
5,-0.9,2.8,-3.7,2,2014,2014-02-05
6,-1,2,-5.1,2,2014,2014-02-06
7,1.2,4,-1.8,2,2014,2014-02-07
8,1.4,3.1,-0.6,2,2014,2014-02-08
9,2.5,6.2,-1.1,2,2014,2014-02-09
10,0.8,3.8,-2.3,2,2014,2014-02-10
11,0.6,3.2,-1.1,2,2014,2014-02-11
12,2.7,6.8,-1,2,2014,2014-02-12
13,2.1,5,-2.1,2,2014,2014-02-13
14,1.9,3.8,-0.1,2,2014,2014-02-14
15,3.9,5.9,2.2,2,2014,2014-02-15
16,3.5,8.1,-2.5,2,2014,2014-02-16
17,1.7,10,-4.1,2,2014,2014-02-17
18,1.6,3.6,0.4,2,2014,2014-02-18
19,1.7,4.4,-0.5,2,2014,2014-02-19
20,1.3,6.1,-3.1,2,2014,2014-02-20
21,0.2,5.5,-5.8,2,2014,2014-02-21
22,1.5,6.5,-3.4,2,2014,2014-02-22
23,1,8.9,-6,2,2014,2014-02-23
24,2,10.4,-5.1,2,2014,2014-02-24
25,4.4,12.5,-2.7,2,2014,2014-02-25
26,6.4,14.1,-3.2,2,2014,2014-02-26
27,10.7,13.7,8,2,2014,2014-02-27
28,9.9,12.9,5.8,2,2014,2014-02-28
1,8.8,15.6,-0.3,3,2010,2010-03-01
2,8.4,13.6,5.9,3,2010,2010-03-02
3,6.5,10.2,1.8,3,2010,2010-03-03
4,9.4,13.1,4.7,3,2010,2010-03-04
5,12.5,16.8,10.1,3,2010,2010-03-05
6,9,11,7.6,3,2010,2010-03-06
7,6,7.8,4.8,3,2010,2010-03-07
8,5.2,7.9,4,3,2010,2010-03-08
9,3.2,4.6,1.8,3,2010,2010-03-09
10,3.5,7.7,1.5,3,2010,2010-03-10
11,3.3,9.3,-0.9,3,2010,2010-03-11
12,7.4,13.4,-2,3,2010,2010-03-12
13,9.8,15.1,3.6,3,2010,2010-03-13
14,7.8,16.3,-0.3,3,2010,2010-03-14
15,12,16.4,4.5,3,2010,2010-03-15
16,11.7,16.3,3.6,3,2010,2010-03-16
17,5.3,10.2,1.6,3,2010,2010-03-17
18,5.6,13.3,-0.9,3,2010,2010-03-18
19,6.9,12.3,2.8,3,2010,2010-03-19
20,13.6,21.1,2,3,2010,2010-03-20
21,10.5,18.3,3,3,2010,2010-03-21
22,6.6,12.8,-1.1,3,2010,2010-03-22
23,7.5,8.9,6.4,3,2010,2010-03-23
24,6.8,7.8,6.1,3,2010,2010-03-24
25,5.6,7.3,3.9,3,2010,2010-03-25
26,3.2,9.4,-0.9,3,2010,2010-03-26
27,4.3,11.3,-3,3,2010,2010-03-27
28,7,13.6,2.5,3,2010,2010-03-28
29,2.7,6.7,-0.5,3,2010,2010-03-29
30,3.3,9.9,-2.7,3,2010,2010-03-30
31,8.6,14,-0.3,3,2010,2010-03-31
1,6.4,7.6,4.7,3,2011,2011-03-01
2,4.5,7.5,0.3,3,2011,2011-03-02
3,0.9,4.4,-2,3,2011,2011-03-03
4,0.8,4.7,-2.4,3,2011,2011-03-04
5,3.2,9.8,-1.6,3,2011,2011-03-05
6,4.9,10.4,-1.6,3,2011,2011-03-06
7,5.8,10.3,1,3,2011,2011-03-07
8,4,9.1,-0.7,3,2011,2011-03-08
9,2.4,8.7,-3.4,3,2011,2011-03-09
10,1.8,7,-2.3,3,2011,2011-03-10
11,1.8,7.3,-3.5,3,2011,2011-03-11
12,3.8,11.7,-3.5,3,2011,2011-03-12
13,7.7,17.2,-1.2,3,2011,2011-03-13
14,11.1,18.9,3,3,2011,2011-03-14
15,11,16.7,6.1,3,2011,2011-03-15
16,2.6,6.4,-0.5,3,2011,2011-03-16
17,0.2,3.9,-3.6,3,2011,2011-03-17
18,3.2,9.5,-2.5,3,2011,2011-03-18
19,8.7,16,2.3,3,2011,2011-03-19
20,10.8,17.2,2.6,3,2011,2011-03-20
21,10.1,13,7.3,3,2011,2011-03-21
22,8.3,13.8,3.5,3,2011,2011-03-22
23,3.6,8.6,-1.7,3,2011,2011-03-23
24,3,9.2,-2.8,3,2011,2011-03-24
25,3.7,10.8,-3.8,3,2011,2011-03-25
26,2.8,7.7,-1.8,3,2011,2011-03-26
27,2.6,9.5,-3.9,3,2011,2011-03-27
28,4.4,13.2,-4.1,3,2011,2011-03-28
29,5.5,14.8,-2.3,3,2011,2011-03-29
30,6.2,14,-1.1,3,2011,2011-03-30
31,7.4,16,-1.9,3,2011,2011-03-31
1,6.6,15.2,-0.9,3,2012,2012-03-01
2,8.5,10.8,6.2,3,2012,2012-03-02
3,6.8,10.1,2.3,3,2012,2012-03-03
4,5.4,8.7,-0.3,3,2012,2012-03-04
5,10.3,12.2,8.2,3,2012,2012-03-05
6,11.8,16.5,9.4,3,2012,2012-03-06
7,8.1,10.9,3.6,3,2012,2012-03-07
8,6.8,11.4,1.7,3,2012,2012-03-08
9,6,7.4,5.1,3,2012,2012-03-09
10,6,9.2,3,3,2012,2012-03-10
11,2.7,9,-2.2,3,2012,2012-03-11
12,0.9,5,-1.6,3,2012,2012-03-12
13,1.3,6.3,-2.5,3,2012,2012-03-13
14,3.2,10.7,-3.4,3,2012,2012-03-14
15,2.8,9,-2,3,2012,2012-03-15
16,4.9,13.3,-3,3,2012,2012-03-16
17,11.1,17.3,5.8,3,2012,2012-03-17
18,10.1,13,5.8,3,2012,2012-03-18
19,4.3,7.5,-0.6,3,2012,2012-03-19
20,4.4,11.7,-3,3,2012,2012-03-20
21,4.4,11.3,-1.2,3,2012,2012-03-21
22,7,13.4,-1.5,3,2012,2012-03-22
23,8.5,10.9,6,3,2012,2012-03-23
24,8.4,12.5,4,3,2012,2012-03-24
25,5,10.8,1.8,3,2012,2012-03-25
26,2.9,6.2,-0.9,3,2012,2012-03-26
27,5.4,13.1,-2.4,3,2012,2012-03-27
28,6.6,14.6,-0.1,3,2012,2012-03-28
29,8.1,16.6,-1.4,3,2012,2012-03-29
30,12,17.7,3.2,3,2012,2012-03-30
31,8.9,15.7,0,3,2012,2012-03-31
1,8.4,16.2,-0.1,3,2013,2013-03-01
2,2.8,5.5,-0.4,3,2013,2013-03-02
3,2.1,7.9,-2.4,3,2013,2013-03-03
4,2.1,10,-4.8,3,2013,2013-03-04
5,4.2,12.2,-2,3,2013,2013-03-05
6,5.7,15.3,-2.8,3,2013,2013-03-06
7,9.4,18.4,-1.1,3,2013,2013-03-07
8,11.5,18.2,5.5,3,2013,2013-03-08
9,11.5,21.3,2.2,3,2013,2013-03-09
10,6.5,17.2,0.3,3,2013,2013-03-10
11,3.3,8.7,-2.3,3,2013,2013-03-11
12,6.3,15.9,-4.7,3,2013,2013-03-12
13,12,18.5,5.4,3,2013,2013-03-13
14,3,5.7,-1.8,3,2013,2013-03-14
15,3.3,13.6,-4.4,3,2013,2013-03-15
16,6.5,15.5,-3.5,3,2013,2013-03-16
17,9.5,19,-1.3,3,2013,2013-03-17
18,16.8,19.2,13.2,3,2013,2013-03-18
19,14.5,21.1,8.7,3,2013,2013-03-19
20,12.2,17.5,6.1,3,2013,2013-03-20
21,4.3,9,-0.6,3,2013,2013-03-21
22,7.4,16.1,-2.3,3,2013,2013-03-22
23,7.3,11.4,2.2,3,2013,2013-03-23
24,9.5,18.2,0.6,3,2013,2013-03-24
25,7.8,11.5,2.6,3,2013,2013-03-25
26,4.5,9.6,-1.8,3,2013,2013-03-26
27,7.4,11.9,0.2,3,2013,2013-03-27
28,12.7,18.2,8.2,3,2013,2013-03-28
29,11.7,18.3,7.6,3,2013,2013-03-29
30,9.2,14.4,3.6,3,2013,2013-03-30
31,9.7,16.3,5.3,3,2013,2013-03-31
1,6.9,10.3,3.1,3,2014,2014-03-01
2,6.2,9.7,1.4,3,2014,2014-03-02
3,3.3,7.3,-2.7,3,2014,2014-03-03
4,4.9,12.7,-4.8,3,2014,2014-03-04
5,6.6,9.6,1.4,3,2014,2014-03-05
6,1.2,5,-1.8,3,2014,2014-03-06
7,1.1,7.4,-4.3,3,2014,2014-03-07
8,2.3,7.2,-3.5,3,2014,2014-03-08
9,3.8,9.7,-1.9,3,2014,2014-03-09
10,1.3,5.4,-1.4,3,2014,2014-03-10
11,2.5,10,-4.8,3,2014,2014-03-11
13,9.8,15.5,5.1,3,2014,2014-03-13
14,3.8,7.7,0.9,3,2014,2014-03-14
15,3.6,9.4,-1.6,3,2014,2014-03-15
16,7.3,15.5,-1.5,3,2014,2014-03-16
17,10.7,18.9,1.6,3,2014,2014-03-17
18,12.1,15,7.1,3,2014,2014-03-18
19,9.3,14.6,3.3,3,2014,2014-03-19
20,8.3,10.9,5.7,3,2014,2014-03-20
21,4.3,7.3,1.7,3,2014,2014-03-21
22,5,10.4,0.7,3,2014,2014-03-22
23,6.9,15.7,-1.8,3,2014,2014-03-23
24,9.4,18.3,-0.2,3,2014,2014-03-24
25,11.9,17.3,6.8,3,2014,2014-03-25
26,12.8,16.5,10.2,3,2014,2014-03-26
27,11.8,15.4,6.5,3,2014,2014-03-27
28,11.3,20.9,1.5,3,2014,2014-03-28
29,14,19.9,7.8,3,2014,2014-03-29
30,14.6,18.5,10.5,3,2014,2014-03-30
31,10.9,16.4,6.1,3,2014,2014-03-31
1,15.7,17.9,11.8,4,2010,2010-04-01
2,10.2,17.5,3,4,2010,2010-04-02
3,5.8,12.1,-0.8,4,2010,2010-04-03
4,8.6,18,-1,4,2010,2010-04-04
5,11.6,18.4,5.7,4,2010,2010-04-05
6,13.5,20.9,4.8,4,2010,2010-04-06
7,8.1,13.4,4.1,4,2010,2010-04-07
8,8.7,15.2,3.9,4,2010,2010-04-08
9,11.2,16.2,3.1,4,2010,2010-04-09
10,16.6,22.7,10.7,4,2010,2010-04-10
11,15,19.6,11.8,4,2010,2010-04-11
12,14.9,17.6,12.4,4,2010,2010-04-12
13,13.2,17.7,6.8,4,2010,2010-04-13
14,7.9,11.7,5.4,4,2010,2010-04-14
15,6,8.5,4,4,2010,2010-04-15
16,6.9,8.6,4.7,4,2010,2010-04-16
17,9.2,14.8,4.4,4,2010,2010-04-17
18,10,17.3,1.1,4,2010,2010-04-18
19,14.1,19.4,8.4,4,2010,2010-04-19
20,14.3,18.1,10.7,4,2010,2010-04-20
21,13.6,16.7,10.1,4,2010,2010-04-21
22,9.6,10.8,8.1,4,2010,2010-04-22
23,9,11.6,4.6,4,2010,2010-04-23
24,7.2,12.9,1.3,4,2010,2010-04-24
25,8.9,18.3,-0.7,4,2010,2010-04-25
26,12.2,19.7,2.2,4,2010,2010-04-26
27,13.8,15.5,12.1,4,2010,2010-04-27
28,15.4,21.3,10.1,4,2010,2010-04-28
29,12.8,16.7,6.2,4,2010,2010-04-29
30,10.6,17.1,3.7,4,2010,2010-04-30
1,9.2,18.6,-1.5,4,2011,2011-04-01
2,8.5,18.9,2.7,4,2011,2011-04-02
3,5.4,9.3,1.4,4,2011,2011-04-03
4,6,11.5,-0.9,4,2011,2011-04-04
5,7.9,16.5,-1.4,4,2011,2011-04-05
6,9.2,18.7,-1.9,4,2011,2011-04-06
7,13.5,19.9,5.6,4,2011,2011-04-07
8,14.9,17.3,13.6,4,2011,2011-04-08
9,13.7,18.3,10.1,4,2011,2011-04-09
10,11.6,19.7,3.5,4,2011,2011-04-10
11,8.4,18.3,3.1,4,2011,2011-04-11
12,8.2,15.3,1.1,4,2011,2011-04-12
13,9.8,18.9,0.3,4,2011,2011-04-13
14,12.6,NA,NA,4,2011,2011-04-14
15,13.4,19.1,8.9,4,2011,2011-04-15
16,11.9,16.3,5.5,4,2011,2011-04-16
17,9.4,18.2,0.9,4,2011,2011-04-17
18,11.1,19,4.4,4,2011,2011-04-18
19,8.7,13.3,5.9,4,2011,2011-04-19
20,7.5,11.5,2.5,4,2011,2011-04-20
21,10.2,19.3,0.8,4,2011,2011-04-21
22,11.8,17.1,6.6,4,2011,2011-04-22
23,11.9,15.8,5,4,2011,2011-04-23
24,8.8,15.4,2.8,4,2011,2011-04-24
25,10,16.8,2.9,4,2011,2011-04-25
26,14.6,20.3,5.9,4,2011,2011-04-26
27,17.7,21.4,11.8,4,2011,2011-04-27
28,11,16.7,5.8,4,2011,2011-04-28
29,10.7,17.5,3.4,4,2011,2011-04-29
30,15.3,21.1,6,4,2011,2011-04-30
1,5.1,10.9,-0.4,4,2012,2012-04-01
2,8.5,17.2,-1.3,4,2012,2012-04-02
3,10.6,16.3,4.9,4,2012,2012-04-03
4,7.6,14.2,3.2,4,2012,2012-04-04
5,8.4,16,2.5,4,2012,2012-04-05
6,5.9,9.7,2,4,2012,2012-04-06
7,4.5,8.7,-0.5,4,2012,2012-04-07
8,6.3,14.5,-2.8,4,2012,2012-04-08
9,11.3,20.4,1.8,4,2012,2012-04-09
10,14.3,21.2,5.3,4,2012,2012-04-10
11,14.2,16.5,13,4,2012,2012-04-11
12,13.9,20.5,8.2,4,2012,2012-04-12
13,11.8,17.2,7.5,4,2012,2012-04-13
14,10.5,15.7,5.1,4,2012,2012-04-14
15,10.7,19.3,2.6,4,2012,2012-04-15
16,12,18.4,6.1,4,2012,2012-04-16
17,11.9,19.1,5.1,4,2012,2012-04-17
18,12.7,21.6,3.4,4,2012,2012-04-18
19,14.6,22.4,5.3,4,2012,2012-04-19
20,14,16.2,12.2,4,2012,2012-04-20
21,16.1,22.1,9.5,4,2012,2012-04-21
22,14.3,15.9,13.2,4,2012,2012-04-22
23,17.3,23.4,11.3,4,2012,2012-04-23
24,17,25.6,8.2,4,2012,2012-04-24
25,18.6,25.5,10.1,4,2012,2012-04-25
26,16.4,19.5,13.3,4,2012,2012-04-26
27,15.5,21.5,7.8,4,2012,2012-04-27
28,16.9,28.5,4.6,4,2012,2012-04-28
29,18.3,26.4,8.7,4,2012,2012-04-29
30,18.4,22.1,15.2,4,2012,2012-04-30
1,9.7,18.2,1.2,4,2013,2013-04-01
2,10.1,14.6,3.9,4,2013,2013-04-02
3,10.4,15,4.3,4,2013,2013-04-03
4,11.4,21.6,1.3,4,2013,2013-04-04
5,14.4,24.5,2.8,4,2013,2013-04-05
6,14.9,17.3,10.9,4,2013,2013-04-06
7,10.2,14.9,5,4,2013,2013-04-07
8,8.9,16.8,1.2,4,2013,2013-04-08
9,11.3,18.2,4.6,4,2013,2013-04-09
10,8,13.4,3.6,4,2013,2013-04-10
11,5.3,10.4,-0.2,4,2013,2013-04-11
12,6.8,13.2,0.5,4,2013,2013-04-12
13,7.5,15.5,-1.4,4,2013,2013-04-13
14,12.2,19.7,2.3,4,2013,2013-04-14
15,13.5,19.9,8,4,2013,2013-04-15
16,16.7,24.9,6.3,4,2013,2013-04-16
17,17.7,21.2,10,4,2013,2013-04-17
18,16,24.1,7.2,4,2013,2013-04-18
19,9.1,13,3.3,4,2013,2013-04-19
20,6.8,14.9,0,4,2013,2013-04-20
21,6.5,11.1,1.6,4,2013,2013-04-21
22,7.2,15.3,-1,4,2013,2013-04-22
23,10.8,17.8,1.2,4,2013,2013-04-23
24,13.5,15.9,10.5,4,2013,2013-04-24
25,13.3,21.4,4.8,4,2013,2013-04-25
26,10.8,18.1,6.1,4,2013,2013-04-26
27,11.2,18.4,3.5,4,2013,2013-04-27
28,12.1,20.2,3.7,4,2013,2013-04-28
29,15.3,23.9,5,4,2013,2013-04-29
30,14.4,17.5,10.1,4,2013,2013-04-30
1,9.8,18.7,1.6,4,2014,2014-04-01
2,13,20.8,4.1,4,2014,2014-04-02
3,15,21,8.2,4,2014,2014-04-03
4,9.1,13.9,3.2,4,2014,2014-04-04
5,5.4,11.5,0.5,4,2014,2014-04-05
6,5.2,9.6,0.8,4,2014,2014-04-06
7,6.5,14.6,-1.6,4,2014,2014-04-07
8,10.9,20.7,0.6,4,2014,2014-04-08
9,13.1,22.1,4.2,4,2014,2014-04-09
10,11.1,21.7,4.7,4,2014,2014-04-10
11,8.8,16,1,4,2014,2014-04-11
12,9.3,18.9,-0.7,4,2014,2014-04-12
13,9.8,15.4,3.7,4,2014,2014-04-13
14,10.5,18.2,2.7,4,2014,2014-04-14
15,10.4,21,-0.8,4,2014,2014-04-15
16,13.1,21.9,4.5,4,2014,2014-04-16
17,15.3,24.1,5.5,4,2014,2014-04-17
18,14.1,18.6,11.2,4,2014,2014-04-18
19,10.7,16.9,5.5,4,2014,2014-04-19
20,10.3,15.9,3.1,4,2014,2014-04-20
21,14.4,18.2,10.7,4,2014,2014-04-21
22,12.9,17.6,6.7,4,2014,2014-04-22
23,12.2,20.4,3.6,4,2014,2014-04-23
24,12.7,22.5,3.1,4,2014,2014-04-24
25,13.7,23.1,3.7,4,2014,2014-04-25
26,15.4,24.9,6,4,2014,2014-04-26
27,15.8,22.6,8,4,2014,2014-04-27
28,14.6,19.4,10.8,4,2014,2014-04-28
29,14.7,17,13.1,4,2014,2014-04-29
30,17,22.1,12.6,4,2014,2014-04-30
1,12.2,19.2,3.6,5,2010,2010-05-01
2,13.6,22.1,4.8,5,2010,2010-05-02
3,16.4,25.3,5.8,5,2010,2010-05-03
4,19.3,26.7,12.9,5,2010,2010-05-04
5,20.3,28.7,12,5,2010,2010-05-05
6,21.3,26.1,17.3,5,2010,2010-05-06
7,17.8,20.9,9.5,5,2010,2010-05-07
8,15.5,23.8,6.6,5,2010,2010-05-08
9,17,25.3,9.8,5,2010,2010-05-09
10,14.8,18,11.1,5,2010,2010-05-10
11,14.9,17,11.8,5,2010,2010-05-11
12,11.7,14.9,8.6,5,2010,2010-05-12
13,11.5,17.3,7.3,5,2010,2010-05-13
14,11.5,16.1,7.2,5,2010,2010-05-14
15,13.7,21.5,5.3,5,2010,2010-05-15
16,16.6,23.8,9.1,5,2010,2010-05-16
17,18.3,26.8,10.4,5,2010,2010-05-17
18,19.3,25.2,12.9,5,2010,2010-05-18
19,19.2,21.4,17.1,5,2010,2010-05-19
20,21.3,26.2,17,5,2010,2010-05-20
21,20.5,29,14.8,5,2010,2010-05-21
22,21.2,29.2,11.9,5,2010,2010-05-22
23,16.8,20.8,15.5,5,2010,2010-05-23
24,18.7,23.1,16,5,2010,2010-05-24
25,18.8,24.8,12.7,5,2010,2010-05-25
26,15.9,18.2,13.3,5,2010,2010-05-26
27,12.9,15.2,10.1,5,2010,2010-05-27
28,12.6,17.7,9.8,5,2010,2010-05-28
29,14.9,20.6,11,5,2010,2010-05-29
30,15,22.7,8.2,5,2010,2010-05-30
31,17.8,23.9,11.2,5,2010,2010-05-31
1,15.9,18.8,11.5,5,2011,2011-05-01
2,14.6,21.4,8,5,2011,2011-05-02
3,14.2,20.2,8.4,5,2011,2011-05-03
4,14.5,21.9,6.6,5,2011,2011-05-04
5,14.7,22.5,8.5,5,2011,2011-05-05
6,15.9,22.7,7.5,5,2011,2011-05-06
7,19.8,25.8,16.1,5,2011,2011-05-07
8,19.7,26.4,12.3,5,2011,2011-05-08
9,19.4,27.3,9.9,5,2011,2011-05-09
10,21.1,23.2,18.5,5,2011,2011-05-10
11,19.7,22.5,16.5,5,2011,2011-05-11
12,19.9,21.8,18.3,5,2011,2011-05-12
13,17.8,21.2,11.5,5,2011,2011-05-13
14,16.1,22.8,9.1,5,2011,2011-05-14
15,16.6,23.8,6.6,5,2011,2011-05-15
16,18.2,23.8,11,5,2011,2011-05-16
17,16.3,24.2,10.2,5,2011,2011-05-17
18,16.3,24.7,8.1,5,2011,2011-05-18
19,17.5,25,8.4,5,2011,2011-05-19
20,19.6,26.4,12.2,5,2011,2011-05-20
21,21.1,27.1,14.7,5,2011,2011-05-21
22,18.6,21.9,14.1,5,2011,2011-05-22
23,13.8,15.6,12.4,5,2011,2011-05-23
24,16.3,22.1,12.5,5,2011,2011-05-24
25,19.1,27.2,12.1,5,2011,2011-05-25
26,18.2,21.5,14.7,5,2011,2011-05-26
27,16.9,18.9,15.7,5,2011,2011-05-27
28,18.4,20.4,16,5,2011,2011-05-28
29,17.8,19.3,15.6,5,2011,2011-05-29
30,16.3,18.8,14.8,5,2011,2011-05-30
31,17.1,22,12.1,5,2011,2011-05-31
1,20.7,24.2,18.4,5,2012,2012-05-01
2,18.5,19.9,17.6,5,2012,2012-05-02
3,17.4,21.9,13.3,5,2012,2012-05-03
4,14.9,18.9,9.8,5,2012,2012-05-04
5,16.1,24.5,7.3,5,2012,2012-05-05
6,15.4,21.3,9.6,5,2012,2012-05-06
7,16.4,23.2,8.6,5,2012,2012-05-07
8,17.8,25.3,9.7,5,2012,2012-05-08
9,16.6,23.8,11.9,5,2012,2012-05-09
10,14,19.5,9.7,5,2012,2012-05-10
11,11.3,14.8,9.2,5,2012,2012-05-11
12,11,14.9,6.2,5,2012,2012-05-12
13,13,20.8,3.8,5,2012,2012-05-13
14,17.4,24.3,7.8,5,2012,2012-05-14
15,16.2,18,14,5,2012,2012-05-15
16,18,23.8,12.9,5,2012,2012-05-16
17,18.7,26.1,11.3,5,2012,2012-05-17
18,15.9,21,9.5,5,2012,2012-05-18
19,16.5,25.3,6.6,5,2012,2012-05-19
20,18.1,22.2,12.5,5,2012,2012-05-20
21,19.6,25.2,15.5,5,2012,2012-05-21
22,18.5,24.1,12.7,5,2012,2012-05-22
23,17.4,24.9,9.5,5,2012,2012-05-23
24,18,25.9,9,5,2012,2012-05-24
25,15.9,20.2,11.9,5,2012,2012-05-25
26,18.4,26.1,10.9,5,2012,2012-05-26
27,20.1,27.8,12.1,5,2012,2012-05-27
28,20.3,27.2,13.4,5,2012,2012-05-28
29,17.9,23.6,13.5,5,2012,2012-05-29
30,16.1,21,10.9,5,2012,2012-05-30
31,19.2,25.3,12.5,5,2012,2012-05-31
1,9.7,13.2,5.9,5,2013,2013-05-01
2,8.9,14.1,3.2,5,2013,2013-05-02
3,10.4,18.5,4.4,5,2013,2013-05-03
4,11.3,20.3,4.3,5,2013,2013-05-04
5,13.3,22.2,4.6,5,2013,2013-05-05
6,15.5,23.4,5.5,5,2013,2013-05-06
7,12.4,16.5,9.2,5,2013,2013-05-07
8,13.5,21.6,5.8,5,2013,2013-05-08
9,16.2,27.9,4.2,5,2013,2013-05-09
10,14.5,22.3,7.4,5,2013,2013-05-10
11,16.8,18.6,12,5,2013,2013-05-11
12,16.6,26.4,9.3,5,2013,2013-05-12
13,18.7,28,8.9,5,2013,2013-05-13
14,20.2,29.8,10.7,5,2013,2013-05-14
15,19.9,26.1,13.6,5,2013,2013-05-15
16,16.5,20,13.4,5,2013,2013-05-16
17,16.8,24.1,10.5,5,2013,2013-05-17
18,17.8,25.2,9.1,5,2013,2013-05-18
19,16.4,20.7,12.6,5,2013,2013-05-19
20,20.2,26.4,16.2,5,2013,2013-05-20
21,20.6,28,14.3,5,2013,2013-05-21
22,21.3,30.2,13.2,5,2013,2013-05-22
23,18.3,26.1,11,5,2013,2013-05-23
24,19,28.4,8.3,5,2013,2013-05-24
25,20.1,28.2,10.4,5,2013,2013-05-25
26,21,28.5,13.3,5,2013,2013-05-26
27,20.9,25.4,16.4,5,2013,2013-05-27
28,19.7,22.4,17.6,5,2013,2013-05-28
29,21.2,24.9,17.2,5,2013,2013-05-29
30,20.2,24,14.4,5,2013,2013-05-30
31,19.6,27.1,12,5,2013,2013-05-31
1,16.6,23,11.9,5,2014,2014-05-01
2,17.3,25.2,9.9,5,2014,2014-05-02
3,15.5,23,8.7,5,2014,2014-05-03
4,14.7,24.5,4.2,5,2014,2014-05-04
5,14.6,17.3,11.6,5,2014,2014-05-05
6,12.9,19.6,5.9,5,2014,2014-05-06
7,13.9,22.7,4.2,5,2014,2014-05-07
8,16,21.7,8,5,2014,2014-05-08
9,16.5,22.6,11.7,5,2014,2014-05-09
10,14.8,20.8,8.4,5,2014,2014-05-10
11,16.5,25.9,5.9,5,2014,2014-05-11
12,16.9,20.2,12.3,5,2014,2014-05-12
13,19,25.3,13.1,5,2014,2014-05-13
14,17.5,25,10.7,5,2014,2014-05-14
15,15.2,17.4,13,5,2014,2014-05-15
16,17,24.9,10.2,5,2014,2014-05-16
17,15.9,23.9,8,5,2014,2014-05-17
18,17.5,26,8.1,5,2014,2014-05-18
19,18.7,27.1,9.4,5,2014,2014-05-19
20,17.8,23.2,13,5,2014,2014-05-20
21,16.3,20.1,11.5,5,2014,2014-05-21
22,16,22.4,9.8,5,2014,2014-05-22
23,15.6,19.7,11.4,5,2014,2014-05-23
24,17.8,25.1,9,5,2014,2014-05-24
25,20.5,26.9,15.1,5,2014,2014-05-25
26,18.6,20.3,16.7,5,2014,2014-05-26
27,19.1,24.6,13.5,5,2014,2014-05-27
28,19.8,28.6,10.7,5,2014,2014-05-28
29,21,28.7,12.8,5,2014,2014-05-29
30,22.2,29.8,15.6,5,2014,2014-05-30
31,23.3,31.2,16.1,5,2014,2014-05-31
1,18.3,24.5,12.9,6,2010,2010-06-01
2,19.5,26.7,12.2,6,2010,2010-06-02
3,19.5,27.2,13.5,6,2010,2010-06-03
4,20.2,27.9,12.7,6,2010,2010-06-04
5,20.5,28.1,12.8,6,2010,2010-06-05
6,19.9,27.5,11.6,6,2010,2010-06-06
7,19.4,22.3,15.4,6,2010,2010-06-07
8,18.9,21.4,15.2,6,2010,2010-06-08
9,20.3,25.8,15.2,6,2010,2010-06-09
10,21.4,29.6,13.4,6,2010,2010-06-10
11,22.3,30.5,13.3,6,2010,2010-06-11
12,22.9,29.4,17,6,2010,2010-06-12
13,18.6,20.3,17.1,6,2010,2010-06-13
14,21.2,25.9,17.4,6,2010,2010-06-14
15,21.4,23.3,20.1,6,2010,2010-06-15
16,23.6,28.3,20.7,6,2010,2010-06-16
17,24.6,31.1,18.6,6,2010,2010-06-17
18,22.7,24.1,20.7,6,2010,2010-06-18
19,23.7,27.3,21.6,6,2010,2010-06-19
20,23.2,26.5,21.2,6,2010,2010-06-20
21,23.4,26.7,20.7,6,2010,2010-06-21
22,24.4,28.8,21.1,6,2010,2010-06-22
23,22.3,24.9,19.3,6,2010,2010-06-23
24,22.6,29.5,16.8,6,2010,2010-06-24
25,20.7,24.4,16.1,6,2010,2010-06-25
26,23.2,25.1,20.6,6,2010,2010-06-26
27,25.3,27.4,23.8,6,2010,2010-06-27
28,26.7,31.2,23.1,6,2010,2010-06-28
29,25.6,29.8,23.4,6,2010,2010-06-29
30,25.7,30.5,22.1,6,2010,2010-06-30
1,17.1,19.2,15.8,6,2011,2011-06-01
2,19.1,24.1,15.7,6,2011,2011-06-02
3,19.7,25.8,13.8,6,2011,2011-06-03
4,21.3,26.6,16.1,6,2011,2011-06-04
5,20,24,15.7,6,2011,2011-06-05
6,20.2,26.5,12.9,6,2011,2011-06-06
7,20.2,24.6,16.2,6,2011,2011-06-07
8,21,27.1,16.3,6,2011,2011-06-08
9,22.5,26,19.2,6,2011,2011-06-09
10,21.9,23.8,19.4,6,2011,2011-06-10
11,20.6,23.6,17.5,6,2011,2011-06-11
12,19.3,22.8,16.6,6,2011,2011-06-12
13,20.6,24.6,17.3,6,2011,2011-06-13
14,20.8,25.2,16.6,6,2011,2011-06-14
15,19.9,24.7,14.6,6,2011,2011-06-15
16,18.1,20.4,16,6,2011,2011-06-16
17,20.9,25.1,17.1,6,2011,2011-06-17
18,20.7,22.8,19.2,6,2011,2011-06-18
19,21.7,25.2,19.5,6,2011,2011-06-19
20,21.7,23.8,20.1,6,2011,2011-06-20
21,24.1,28.3,20.5,6,2011,2011-06-21
22,25,29.9,20.2,6,2011,2011-06-22
23,26.4,30.6,24,6,2011,2011-06-23
24,27.2,31.3,24.2,6,2011,2011-06-24
25,27.8,32.9,24.2,6,2011,2011-06-25
26,27,30.2,23.9,6,2011,2011-06-26
27,26.8,28.2,25.6,6,2011,2011-06-27
28,27.5,32,23.7,6,2011,2011-06-28
29,27.9,33.7,21.9,6,2011,2011-06-29
30,27,32.8,23,6,2011,2011-06-30
1,20.6,27.3,14.7,6,2012,2012-06-01
2,20.3,25.5,15.6,6,2012,2012-06-02
3,20.7,25.2,16.2,6,2012,2012-06-03
4,20.1,26.2,13.4,6,2012,2012-06-04
5,19,21.2,16.3,6,2012,2012-06-05
6,21.4,26.6,16.7,6,2012,2012-06-06
7,21.3,28.4,15.1,6,2012,2012-06-07
8,20,26.3,16.3,6,2012,2012-06-08
9,19.6,23.5,17.7,6,2012,2012-06-09
10,19.5,23.5,16.7,6,2012,2012-06-10
11,21.3,25.5,16.1,6,2012,2012-06-11
12,19.4,21.2,17.8,6,2012,2012-06-12
13,20.7,25.6,16.2,6,2012,2012-06-13
14,22.5,28.9,15.9,6,2012,2012-06-14
15,21.4,26.5,17,6,2012,2012-06-15
16,22,25.4,18.2,6,2012,2012-06-16
17,23.8,28.2,20.7,6,2012,2012-06-17
18,23.5,28.8,18.8,6,2012,2012-06-18
19,22.3,24.4,20.4,6,2012,2012-06-19
20,22.4,26.1,18.7,6,2012,2012-06-20
21,18.5,19.7,17.4,6,2012,2012-06-21
22,19.7,23.9,15.9,6,2012,2012-06-22
23,19.8,25.5,14.8,6,2012,2012-06-23
24,21,27,15.8,6,2012,2012-06-24
25,21.8,27.4,17.7,6,2012,2012-06-25
26,22,27.1,16.9,6,2012,2012-06-26
27,21.3,25.3,17.1,6,2012,2012-06-27
28,22,25.9,18.9,6,2012,2012-06-28
29,23.7,30.4,16.6,6,2012,2012-06-29
30,22.7,26.4,19.2,6,2012,2012-06-30
1,18.7,25.2,11.9,6,2013,2013-06-01
2,20.3,24.6,16.1,6,2013,2013-06-02
3,21.2,28.6,14.4,6,2013,2013-06-03
4,21.1,31.1,11,6,2013,2013-06-04
5,21.8,28.8,14.8,6,2013,2013-06-05
6,21.8,27.1,16.9,6,2013,2013-06-06
7,20.9,26.9,14.7,6,2013,2013-06-07
8,20.9,28.2,12.8,6,2013,2013-06-08
9,20.7,25.7,15.3,6,2013,2013-06-09
10,22,26.8,17.4,6,2013,2013-06-10
11,22.8,28.1,19.9,6,2013,2013-06-11
12,25.8,30.4,22,6,2013,2013-06-12
13,26.9,33,20.7,6,2013,2013-06-13
14,26.6,32.9,19.2,6,2013,2013-06-14
15,22.8,24.9,20.6,6,2013,2013-06-15
16,24.3,30,19.8,6,2013,2013-06-16
17,24.5,30.9,18.3,6,2013,2013-06-17
18,24.9,30.1,19.5,6,2013,2013-06-18
19,23.4,25.8,19.8,6,2013,2013-06-19
20,19.6,21.6,18.1,6,2013,2013-06-20
21,18.8,20.5,17.6,6,2013,2013-06-21
22,20.7,25.9,16.3,6,2013,2013-06-22
23,21.7,25.1,19.1,6,2013,2013-06-23
24,22.1,27.3,18.9,6,2013,2013-06-24
25,23.5,28,19.3,6,2013,2013-06-25
26,20.6,22.8,19.2,6,2013,2013-06-26
27,22.7,26.6,19,6,2013,2013-06-27
28,22.5,27.2,19.2,6,2013,2013-06-28
29,23.6,30.4,18.2,6,2013,2013-06-29
30,23.2,27.7,18,6,2013,2013-06-30
1,24,33.3,15.1,6,2014,2014-06-01
2,22.7,30.5,15.7,6,2014,2014-06-02
3,21.3,26.7,16.9,6,2014,2014-06-03
4,20.9,25.4,16.9,6,2014,2014-06-04
5,20.2,23.9,17.6,6,2014,2014-06-05
6,21.3,26.6,19.1,6,2014,2014-06-06
7,21.2,24.6,17.7,6,2014,2014-06-07
8,22.7,28.4,17.8,6,2014,2014-06-08
9,22.9,29.3,19,6,2014,2014-06-09
10,22.9,27.2,20.1,6,2014,2014-06-10
11,21.5,25.1,19.5,6,2014,2014-06-11
12,20.3,24.6,16.8,6,2014,2014-06-12
13,18.5,24.2,14.9,6,2014,2014-06-13
14,20.7,26.7,13.7,6,2014,2014-06-14
15,22.4,28.3,16.8,6,2014,2014-06-15
16,22.1,27.7,16.5,6,2014,2014-06-16
17,21.2,25.7,17.2,6,2014,2014-06-17
18,19.8,22.7,17.8,6,2014,2014-06-18
19,21.5,28.8,15.3,6,2014,2014-06-19
20,22.9,28.5,16.3,6,2014,2014-06-20
21,22.8,27.1,19.9,6,2014,2014-06-21
22,20.7,24.7,18.7,6,2014,2014-06-22
23,21.2,25.5,17.3,6,2014,2014-06-23
24,21.7,29.2,17.2,6,2014,2014-06-24
25,23.1,30.1,16.3,6,2014,2014-06-25
26,23.4,28.9,18.5,6,2014,2014-06-26
27,23,25.5,20.3,6,2014,2014-06-27
28,22.6,26.4,19.2,6,2014,2014-06-28
29,22.3,28.3,19.9,6,2014,2014-06-29
30,22.5,26.5,18.4,6,2014,2014-06-30
1,25.7,31.3,21.8,7,2010,2010-07-01
2,24.8,28.9,22,7,2010,2010-07-02
3,24.1,25.9,23.2,7,2010,2010-07-03
4,25.2,29,21.9,7,2010,2010-07-04
5,25.5,31.3,21.4,7,2010,2010-07-05
6,25.2,30.9,22.4,7,2010,2010-07-06
7,24.2,29.8,20.6,7,2010,2010-07-07
8,25,31.2,19.4,7,2010,2010-07-08
9,22.6,25.3,20.5,7,2010,2010-07-09
10,24.3,29.9,19.6,7,2010,2010-07-10
11,24.8,26.8,22,7,2010,2010-07-11
12,24.9,28.6,22.3,7,2010,2010-07-12
13,24.5,28.4,22.2,7,2010,2010-07-13
14,25.1,26.7,22.8,7,2010,2010-07-14
15,24.9,28,22.8,7,2010,2010-07-15
16,26.2,31.3,22.9,7,2010,2010-07-16
17,26.7,31.7,22.4,7,2010,2010-07-17
18,26.8,31.7,20.9,7,2010,2010-07-18
19,26.8,31.9,21.7,7,2010,2010-07-19
20,27.4,32.8,22.3,7,2010,2010-07-20
21,27,33.9,21.7,7,2010,2010-07-21
22,27.7,34.5,21.3,7,2010,2010-07-22
23,28.1,34.5,23,7,2010,2010-07-23
24,28.3,34.7,23,7,2010,2010-07-24
25,28.2,34.7,23.5,7,2010,2010-07-25
26,28.2,34,23.3,7,2010,2010-07-26
27,27.5,33,23.1,7,2010,2010-07-27
28,26.9,31.7,24.1,7,2010,2010-07-28
29,25.4,29.3,22.6,7,2010,2010-07-29
30,27.6,32.3,24.5,7,2010,2010-07-30
31,27.5,31.2,24.5,7,2010,2010-07-31
1,24.1,26.2,22.5,7,2011,2011-07-01
2,25.4,29.6,22.4,7,2011,2011-07-02
3,25.8,29.1,22,7,2011,2011-07-03
4,26,29,22.7,7,2011,2011-07-04
5,25.6,30.4,22.3,7,2011,2011-07-05
6,24.8,31.2,20.3,7,2011,2011-07-06
7,23.8,25.7,22.4,7,2011,2011-07-07
8,27.3,30.2,25,7,2011,2011-07-08
9,27.9,31.9,24.2,7,2011,2011-07-09
10,27.9,34,22.4,7,2011,2011-07-10
11,27.3,32.9,22.1,7,2011,2011-07-11
12,24.9,28.3,22.4,7,2011,2011-07-12
13,26.4,31.4,21.2,7,2011,2011-07-13
14,26.6,32.3,22.1,7,2011,2011-07-14
15,26.5,33,20.9,7,2011,2011-07-15
16,27.5,33.7,21.4,7,2011,2011-07-16
17,28.2,33.8,21.6,7,2011,2011-07-17
18,26,27.4,24.5,7,2011,2011-07-18
19,25.1,27.1,22.6,7,2011,2011-07-19
20,27.1,29.9,24.9,7,2011,2011-07-20
21,25.1,27.8,22.8,7,2011,2011-07-21
22,23.1,26.4,20.9,7,2011,2011-07-22
23,24.7,30.8,20.9,7,2011,2011-07-23
24,24.5,30.6,18.6,7,2011,2011-07-24
25,25.2,30.2,21.6,7,2011,2011-07-25
26,25.5,30.7,20.5,7,2011,2011-07-26
27,26.3,29.3,24.6,7,2011,2011-07-27
28,26,31.9,22.5,7,2011,2011-07-28
29,25.6,32.5,21.6,7,2011,2011-07-29
30,25.7,30.4,22.2,7,2011,2011-07-30
31,25.9,31.4,21.5,7,2011,2011-07-31
1,23.4,26.1,21.5,7,2012,2012-07-01
2,24.6,29.1,20.3,7,2012,2012-07-02
3,22.2,25.3,20.4,7,2012,2012-07-03
4,22.9,27.9,18.6,7,2012,2012-07-04
5,22.6,24.3,21.4,7,2012,2012-07-05
6,24.1,29,21.5,7,2012,2012-07-06
7,22.4,25.4,19.4,7,2012,2012-07-07
8,21.2,25.1,17.3,7,2012,2012-07-08
9,23.1,30.3,15.8,7,2012,2012-07-09
10,24.7,31.1,18.8,7,2012,2012-07-10
11,24.4,27.8,19.5,7,2012,2012-07-11
12,25.8,28.4,23.5,7,2012,2012-07-12
13,25.6,29.6,23,7,2012,2012-07-13
14,25.2,28.7,22,7,2012,2012-07-14
15,27.2,29.9,24.6,7,2012,2012-07-15
16,27.9,31.5,25.3,7,2012,2012-07-16
17,27.8,33.4,23,7,2012,2012-07-17
18,27.1,32.4,22.5,7,2012,2012-07-18
19,27.8,32.4,23.3,7,2012,2012-07-19
20,25.1,29.2,22.5,7,2012,2012-07-20
21,24.5,30.9,22.1,7,2012,2012-07-21
22,25.7,31.2,22,7,2012,2012-07-22
23,25.4,31.2,22.6,7,2012,2012-07-23
24,26.1,32.6,21.9,7,2012,2012-07-24
25,27,32.2,22.6,7,2012,2012-07-25
26,27.9,34.3,23.1,7,2012,2012-07-26
27,28.4,34.4,22.9,7,2012,2012-07-27
28,28.1,34.5,22.7,7,2012,2012-07-28
29,28.5,34.4,23.6,7,2012,2012-07-29
30,28.6,34.6,24.3,7,2012,2012-07-30
31,28.9,34.7,23.6,7,2012,2012-07-31
1,23.8,28.8,17.9,7,2013,2013-07-01
2,23.3,27.2,20.6,7,2013,2013-07-02
3,23.1,26,21.2,7,2013,2013-07-03
4,23.8,25.9,21.4,7,2013,2013-07-04
5,26.1,28.1,23.6,7,2013,2013-07-05
6,26.4,28.7,23.3,7,2013,2013-07-06
7,27.2,32.8,23.1,7,2013,2013-07-07
8,28.2,33.4,23.3,7,2013,2013-07-08
9,27.3,33.2,21.9,7,2013,2013-07-09
10,27.5,32.8,21.9,7,2013,2013-07-10
11,27.6,32.8,22.8,7,2013,2013-07-11
12,27.5,33.2,22,7,2013,2013-07-12
13,26.3,33.4,21.7,7,2013,2013-07-13
14,24.5,32,21.8,7,2013,2013-07-14
15,23.5,25.8,21.5,7,2013,2013-07-15
16,25.8,31.8,21.7,7,2013,2013-07-16
17,26,31.1,21.2,7,2013,2013-07-17
18,26.4,31.2,22.3,7,2013,2013-07-18
19,23.9,28.4,19.9,7,2013,2013-07-19
20,24.6,31.6,17.5,7,2013,2013-07-20
21,26.2,32.9,19.5,7,2013,2013-07-21
22,25.5,32.9,22.3,7,2013,2013-07-22
23,26.8,33.1,22.2,7,2013,2013-07-23
24,26.8,32,23.1,7,2013,2013-07-24
25,27.3,33.4,21.9,7,2013,2013-07-25
26,27.2,32.6,21.7,7,2013,2013-07-26
27,26.8,31.4,22.7,7,2013,2013-07-27
28,25.8,30.9,21.4,7,2013,2013-07-28
29,24.7,26.3,23.2,7,2013,2013-07-29
30,27.4,31.4,24.1,7,2013,2013-07-30
31,25.9,33,22.2,7,2013,2013-07-31
1,23.8,29.5,18.3,7,2014,2014-07-01
2,23.8,30,17.5,7,2014,2014-07-02
3,20.8,23.6,19.3,7,2014,2014-07-03
4,23.3,28,19.6,7,2014,2014-07-04
5,22,24.6,20,7,2014,2014-07-05
6,22.8,27.5,20.7,7,2014,2014-07-06
7,23.4,25.3,21,7,2014,2014-07-07
8,26.1,30.7,21,7,2014,2014-07-08
9,26.6,29.9,23.4,7,2014,2014-07-09
10,24.5,26.1,23.2,7,2014,2014-07-10
11,25.5,31.1,22,7,2014,2014-07-11
12,25.2,31.3,20.8,7,2014,2014-07-12
13,24,26.9,20.9,7,2014,2014-07-13
14,25.5,29.4,22.2,7,2014,2014-07-14
15,25.7,31.7,20.9,7,2014,2014-07-15
16,27.3,32.3,22.5,7,2014,2014-07-16
17,27.4,32.3,23.4,7,2014,2014-07-17
18,26.3,31,22.5,7,2014,2014-07-18
19,23.9,30.4,20.6,7,2014,2014-07-19
20,24.8,30.7,19.8,7,2014,2014-07-20
21,25.6,31.1,20,7,2014,2014-07-21
22,26.6,31.5,22.1,7,2014,2014-07-22
23,27,31.8,21.9,7,2014,2014-07-23
24,28.2,33.4,22.7,7,2014,2014-07-24
25,29.4,35.6,23.4,7,2014,2014-07-25
26,28.8,34.7,23.1,7,2014,2014-07-26
27,25.5,29.5,20.6,7,2014,2014-07-27
28,23.9,30,18,7,2014,2014-07-28
29,26,33.4,18.4,7,2014,2014-07-29
30,27.3,34.2,21.9,7,2014,2014-07-30
31,27.9,35.2,22.1,7,2014,2014-07-31
1,28,33.2,23.2,8,2010,2010-08-01
2,28.9,35.3,24.3,8,2010,2010-08-02
3,28.2,33.6,23.8,8,2010,2010-08-03
4,28.7,33.9,23.8,8,2010,2010-08-04
5,28.7,33.7,24.2,8,2010,2010-08-05
6,28.2,34.7,22.9,8,2010,2010-08-06
7,26.6,31.1,23,8,2010,2010-08-07
8,27.3,33,22,8,2010,2010-08-08
9,26.4,31.4,22.3,8,2010,2010-08-09
10,27.3,32.4,24.3,8,2010,2010-08-10
11,27.7,31.8,23.5,8,2010,2010-08-11
12,26.5,30.4,24.1,8,2010,2010-08-12
13,27.4,32.3,23.2,8,2010,2010-08-13
14,28.4,31.3,26,8,2010,2010-08-14
15,28.7,33.3,25.7,8,2010,2010-08-15
16,28.8,33.7,24.5,8,2010,2010-08-16
17,28.6,34.5,23.8,8,2010,2010-08-17
18,28.6,34.5,23.1,8,2010,2010-08-18
19,29.1,34.8,22.9,8,2010,2010-08-19
20,29.2,35.6,23.8,8,2010,2010-08-20
21,28.3,35.1,24.2,8,2010,2010-08-21
22,28.8,35,24.3,8,2010,2010-08-22
23,29,35.5,23.2,8,2010,2010-08-23
24,29,35.2,24,8,2010,2010-08-24
25,28.6,34.7,24.6,8,2010,2010-08-25
26,27.9,34,22.6,8,2010,2010-08-26
27,28.5,34.8,23,8,2010,2010-08-27
28,28.3,34.6,23.1,8,2010,2010-08-28
29,28.3,35.2,22.4,8,2010,2010-08-29
30,27.9,32.9,23.2,8,2010,2010-08-30
31,29.1,34.8,24.7,8,2010,2010-08-31
1,26.2,30.8,22.8,8,2011,2011-08-01
2,26.3,31,22.1,8,2011,2011-08-02
3,27.2,31.8,23.1,8,2011,2011-08-03
4,27.5,32.7,21,8,2011,2011-08-04
5,25.7,28.8,22.9,8,2011,2011-08-05
6,27,31.7,23.5,8,2011,2011-08-06
7,27.3,33,22.1,8,2011,2011-08-07
8,27.6,33.4,22.6,8,2011,2011-08-08
9,28,34.5,22.1,8,2011,2011-08-09
10,28.3,33.7,22.9,8,2011,2011-08-10
11,27.7,33.2,24.4,8,2011,2011-08-11
12,27.4,33.8,23.3,8,2011,2011-08-12
13,28.3,34.5,23,8,2011,2011-08-13
14,27.8,32.9,23.6,8,2011,2011-08-14
15,27.4,32.2,23.6,8,2011,2011-08-15
16,27.7,32.9,23.4,8,2011,2011-08-16
17,28.1,32.6,23.5,8,2011,2011-08-17
18,28.1,34.1,23.3,8,2011,2011-08-18
19,25.9,28.8,23.6,8,2011,2011-08-19
20,22.6,27.2,19.8,8,2011,2011-08-20
21,22.2,23.8,20.9,8,2011,2011-08-21
22,24.3,28.9,20.3,8,2011,2011-08-22
23,24.7,29.4,22.1,8,2011,2011-08-23
24,26.6,32.2,21.6,8,2011,2011-08-24
25,25.4,28.8,23.6,8,2011,2011-08-25
26,25.4,31.9,23,8,2011,2011-08-26
27,25.8,31.5,21.8,8,2011,2011-08-27
28,26.4,32.6,21.8,8,2011,2011-08-28
29,27,33.4,21.5,8,2011,2011-08-29
30,26.6,32.5,20.6,8,2011,2011-08-30
31,27.1,31.4,23.2,8,2011,2011-08-31
1,28.3,32.6,25.2,8,2012,2012-08-01
2,28.4,34.9,23.5,8,2012,2012-08-02
3,28.6,34.2,23.3,8,2012,2012-08-03
4,28.4,32.9,24.4,8,2012,2012-08-04
5,28,32.2,25,8,2012,2012-08-05
6,27.8,34.4,23.6,8,2012,2012-08-06
7,26.6,32.2,22.8,8,2012,2012-08-07
8,24.9,31.4,19.8,8,2012,2012-08-08
9,25.7,33.5,18.2,8,2012,2012-08-09
10,27.1,33.2,21.1,8,2012,2012-08-10
11,26.1,29.3,23.7,8,2012,2012-08-11
12,27.4,33.7,23.4,8,2012,2012-08-12
13,28.2,32.9,24.9,8,2012,2012-08-13
14,26.3,29.7,24,8,2012,2012-08-14
15,27.2,30.6,24.6,8,2012,2012-08-15
16,28.4,33.2,23.8,8,2012,2012-08-16
17,28.4,35.4,22.3,8,2012,2012-08-17
18,25.6,33.9,21.5,8,2012,2012-08-18
19,26,33.6,21.2,8,2012,2012-08-19
20,26.6,33.1,20.8,8,2012,2012-08-20
21,27.7,33.6,22.1,8,2012,2012-08-21
22,27.9,33.4,23.4,8,2012,2012-08-22
23,28,33.7,23,8,2012,2012-08-23
24,27,32.6,23.1,8,2012,2012-08-24
25,27.3,33.8,21.4,8,2012,2012-08-25
26,27.3,33.2,21.4,8,2012,2012-08-26
27,27.1,32.5,21.4,8,2012,2012-08-27
28,27.6,33.5,22.5,8,2012,2012-08-28
29,27.1,29.9,24,8,2012,2012-08-29
30,27.8,33.1,24.6,8,2012,2012-08-30
31,27.7,33.9,22.8,8,2012,2012-08-31
1,26.5,31.8,22.6,8,2013,2013-08-01
2,26.1,30.9,21.8,8,2013,2013-08-02
3,25.3,30.5,20.2,8,2013,2013-08-03
4,25.9,33.1,21.4,8,2013,2013-08-04
5,26.9,32.6,23.4,8,2013,2013-08-05
6,27.3,33.3,23.7,8,2013,2013-08-06
7,26.3,33.1,22.7,8,2013,2013-08-07
8,27.8,33.7,22.9,8,2013,2013-08-08
9,28.8,34.3,23.8,8,2013,2013-08-09
10,29,36,23.9,8,2013,2013-08-10
11,29.1,35.6,23.7,8,2013,2013-08-11
12,28.5,34.8,22.2,8,2013,2013-08-12
13,26.9,34.7,19.7,8,2013,2013-08-13
14,27.7,35.9,19.9,8,2013,2013-08-14
15,28.4,35.2,21.9,8,2013,2013-08-15
16,28.6,34.9,24.1,8,2013,2013-08-16
17,28.3,34,23.5,8,2013,2013-08-17
18,28.6,34.8,22.4,8,2013,2013-08-18
19,28.8,35.3,23,8,2013,2013-08-19
20,29.2,35.3,24.4,8,2013,2013-08-20
21,28.9,36.3,24.1,8,2013,2013-08-21
22,29.3,35.9,25.1,8,2013,2013-08-22
23,27.8,32.8,24,8,2013,2013-08-23
24,24.9,26.5,23.7,8,2013,2013-08-24
25,23.7,26.7,20,8,2013,2013-08-25
26,22.9,27.9,18.8,8,2013,2013-08-26
27,23.4,28.9,18.3,8,2013,2013-08-27
28,23,30.2,17.4,8,2013,2013-08-28
29,25.2,29.8,18.7,8,2013,2013-08-29
30,26.6,32.8,22.9,8,2013,2013-08-30
31,27,29.8,23,8,2013,2013-08-31
1,27.3,32.8,22.8,8,2014,2014-08-01
2,24.9,27.5,23.1,8,2014,2014-08-02
3,24.7,28.4,22.6,8,2014,2014-08-03
4,26.2,29,23.3,8,2014,2014-08-04
5,27.5,30,25.7,8,2014,2014-08-05
6,27.5,31.5,24.8,8,2014,2014-08-06
7,27.1,32,23.7,8,2014,2014-08-07
8,24.4,30.9,19.6,8,2014,2014-08-08
9,22.9,25.9,20.1,8,2014,2014-08-09
10,25,27.3,23.3,8,2014,2014-08-10
11,25.3,29.9,21.8,8,2014,2014-08-11
12,24.6,29.1,21.5,8,2014,2014-08-12
13,25.7,31.3,21.8,8,2014,2014-08-13
14,26.3,30.7,23.4,8,2014,2014-08-14
15,26.6,27.9,25,8,2014,2014-08-15
16,26.2,27.8,24.8,8,2014,2014-08-16
17,26.9,30.5,24.3,8,2014,2014-08-17
18,27.4,31.6,23.6,8,2014,2014-08-18
19,27.8,32.1,23.8,8,2014,2014-08-19
20,27.2,31.9,23.2,8,2014,2014-08-20
21,26.8,31,23.6,8,2014,2014-08-21
22,26.2,30.1,23.7,8,2014,2014-08-22
23,26.5,31.3,23.2,8,2014,2014-08-23
24,23.8,28.5,21.7,8,2014,2014-08-24
25,24.9,30.5,21.9,8,2014,2014-08-25
26,25.1,29.1,21.9,8,2014,2014-08-26
27,24.7,29.8,21.6,8,2014,2014-08-27
28,22,25.6,18.8,8,2014,2014-08-28
29,22.2,27.6,18.5,8,2014,2014-08-29
30,22.9,27.2,19,8,2014,2014-08-30
31,23.3,28.1,19,8,2014,2014-08-31
1,28.3,34.9,24,9,2010,2010-09-01
2,27.7,34.4,23,9,2010,2010-09-02
3,28.6,35.4,23,9,2010,2010-09-03
4,28.8,35.8,23.6,9,2010,2010-09-04
5,28.5,36,22.5,9,2010,2010-09-05
6,27.8,33.4,22.9,9,2010,2010-09-06
7,28.1,31.7,25.5,9,2010,2010-09-07
8,26.5,29.9,22.8,9,2010,2010-09-08
9,24.8,30.3,20.4,9,2010,2010-09-09
10,25.5,33,18.6,9,2010,2010-09-10
11,26.9,33.7,20.7,9,2010,2010-09-11
12,28.2,34.1,22.6,9,2010,2010-09-12
13,26.6,31.5,19.8,9,2010,2010-09-13
14,22.8,29.1,18.3,9,2010,2010-09-14
15,23.3,27.6,19.3,9,2010,2010-09-15
16,22.1,28.5,18.1,9,2010,2010-09-16
17,21.8,28.7,16,9,2010,2010-09-17
18,22.6,30.5,15.6,9,2010,2010-09-18
19,23.6,31.3,17.2,9,2010,2010-09-19
20,23.7,28.3,19.7,9,2010,2010-09-20
21,25.8,31.9,21.4,9,2010,2010-09-21
22,25.6,31.1,20.7,9,2010,2010-09-22
23,19.8,23.8,15.7,9,2010,2010-09-23
24,19.9,22.6,16.6,9,2010,2010-09-24
25,19.7,24,14.9,9,2010,2010-09-25
26,19.3,25.5,11.9,9,2010,2010-09-26
27,20.1,25.1,15.4,9,2010,2010-09-27
28,20.8,NA,NA,9,2010,2010-09-28
29,18.1,22.6,13.4,9,2010,2010-09-29
30,16.4,18,14.7,9,2010,2010-09-30
1,26.3,29.2,24.2,9,2011,2011-09-01
2,27.1,28.7,24.9,9,2011,2011-09-02
3,24.4,27.7,21.2,9,2011,2011-09-03
4,23.3,26,20.8,9,2011,2011-09-04
5,22.9,26.2,18.5,9,2011,2011-09-05
6,21.1,26.4,16.5,9,2011,2011-09-06
7,20.1,28.7,13.7,9,2011,2011-09-07
8,21.6,29.3,13.8,9,2011,2011-09-08
9,25.1,30.5,20.4,9,2011,2011-09-09
10,26.1,32.4,19.9,9,2011,2011-09-10
11,26.7,32.5,22.1,9,2011,2011-09-11
12,25.9,31.8,20,9,2011,2011-09-12
13,25.8,31.9,20.5,9,2011,2011-09-13
14,26.2,33,20.6,9,2011,2011-09-14
15,26.1,31.5,20.4,9,2011,2011-09-15
16,25.3,30.1,21.4,9,2011,2011-09-16
17,25.1,30.2,22.4,9,2011,2011-09-17
18,25.6,30.8,21.2,9,2011,2011-09-18
19,23.1,29.3,19,9,2011,2011-09-19
20,19.7,20.9,18.6,9,2011,2011-09-20
21,20.8,23.2,19.3,9,2011,2011-09-21
22,18.5,22.4,13.4,9,2011,2011-09-22
23,15.5,22.8,10.2,9,2011,2011-09-23
24,15.8,22.6,9.4,9,2011,2011-09-24
25,18.5,25,10.8,9,2011,2011-09-25
26,18.7,22.2,15.2,9,2011,2011-09-26
27,18.8,25.4,12.3,9,2011,2011-09-27
28,19.3,27,12.6,9,2011,2011-09-28
29,20.8,27.2,13.2,9,2011,2011-09-29
30,21.8,25.3,17,9,2011,2011-09-30
1,25,30.8,23.1,9,2012,2012-09-01
2,24.1,31.9,21.2,9,2012,2012-09-02
3,25.2,31.2,20.7,9,2012,2012-09-03
4,25.4,30,21.8,9,2012,2012-09-04
5,26.2,32.2,21.1,9,2012,2012-09-05
6,25.3,31.7,21.4,9,2012,2012-09-06
7,26,32.2,19.9,9,2012,2012-09-07
8,25.4,29.3,22.4,9,2012,2012-09-08
9,25.8,30.5,21.6,9,2012,2012-09-09
10,24.6,29,21.9,9,2012,2012-09-10
11,23.3,27.3,19.8,9,2012,2012-09-11
12,24.2,31.4,17.8,9,2012,2012-09-12
13,25.2,31.4,19.4,9,2012,2012-09-13
14,24.8,31.7,20.7,9,2012,2012-09-14
15,25,30.8,20.8,9,2012,2012-09-15
16,26.2,31,20.4,9,2012,2012-09-16
17,27.5,32.5,23.8,9,2012,2012-09-17
18,23.9,25.9,22.4,9,2012,2012-09-18
19,23.5,28.7,18.7,9,2012,2012-09-19
20,21.6,26.7,17.7,9,2012,2012-09-20
21,21.9,28,17.6,9,2012,2012-09-21
22,21.7,27.2,17,9,2012,2012-09-22
23,18.9,23.2,15.7,9,2012,2012-09-23
24,19.6,25.5,14.3,9,2012,2012-09-24
25,20.8,NA,NA,9,2012,2012-09-25
26,20.3,26.4,14.2,9,2012,2012-09-26
27,19.9,26.7,13.3,9,2012,2012-09-27
28,19.9,28,12.9,9,2012,2012-09-28
29,20.6,26,15.4,9,2012,2012-09-29
30,19,20.7,17.1,9,2012,2012-09-30
1,23.2,26.7,21.9,9,2013,2013-09-01
2,23.4,26,21.5,9,2013,2013-09-02
3,21.6,27.6,18.6,9,2013,2013-09-03
4,19.9,24.5,18,9,2013,2013-09-04
5,21.3,25.1,18.1,9,2013,2013-09-05
6,21.6,27,17.3,9,2013,2013-09-06
7,21.1,23.2,18.5,9,2013,2013-09-07
8,21.9,26.3,19,9,2013,2013-09-08
9,21.7,28.4,16.2,9,2013,2013-09-09
10,23,30.1,16.2,9,2013,2013-09-10
11,23.9,30.8,17.9,9,2013,2013-09-11
12,24.7,31.2,20,9,2013,2013-09-12
13,25.6,32.4,20.4,9,2013,2013-09-13
14,26.3,30.9,22.1,9,2013,2013-09-14
15,22.5,26.7,21.1,9,2013,2013-09-15
16,21,24.8,14.6,9,2013,2013-09-16
17,18.9,26.8,12.2,9,2013,2013-09-17
18,20.2,28.1,12.9,9,2013,2013-09-18
19,20.9,28.3,14.1,9,2013,2013-09-19
20,21.3,29.1,14.9,9,2013,2013-09-20
21,22.2,30.2,15.3,9,2013,2013-09-21
22,22.2,27.8,17.1,9,2013,2013-09-22
23,22.5,28.9,16.5,9,2013,2013-09-23
24,22.4,29,15.8,9,2013,2013-09-24
25,23.3,30.2,16.9,9,2013,2013-09-25
26,19.1,22.7,13.2,9,2013,2013-09-26
27,16.6,23.9,9.9,9,2013,2013-09-27
28,19.2,27,11,9,2013,2013-09-28
29,20,26,14,9,2013,2013-09-29
30,20.5,27.1,14.9,9,2013,2013-09-30
1,21.8,25,19.8,9,2014,2014-09-01
2,23.7,29.1,18.6,9,2014,2014-09-02
3,24.4,28,21.7,9,2014,2014-09-03
4,24.3,27.4,21.4,9,2014,2014-09-04
5,25.6,30.2,22.5,9,2014,2014-09-05
6,23.8,31,19.3,9,2014,2014-09-06
7,22.6,28.2,17,9,2014,2014-09-07
8,21.1,27.4,15.4,9,2014,2014-09-08
9,22.1,28.4,16.5,9,2014,2014-09-09
10,22.8,29.7,16.8,9,2014,2014-09-10
11,21,26.6,16.3,9,2014,2014-09-11
12,19.4,25.1,13.1,9,2014,2014-09-12
13,19.8,25.8,14.1,9,2014,2014-09-13
14,20.2,27.1,14.1,9,2014,2014-09-14
15,20.3,27.9,14,9,2014,2014-09-15
16,21.8,28.1,16.9,9,2014,2014-09-16
17,19.8,24.4,14.7,9,2014,2014-09-17
18,18.4,23.6,14.5,9,2014,2014-09-18
19,16.6,20.7,13.2,9,2014,2014-09-19
20,17.2,22,12.5,9,2014,2014-09-20
21,18.4,26.8,10.6,9,2014,2014-09-21
22,19.5,26.4,14,9,2014,2014-09-22
23,19.8,28.5,11.2,9,2014,2014-09-23
24,21.8,25,18.4,9,2014,2014-09-24
25,22.7,27.1,18.4,9,2014,2014-09-25
27,21.6,27.5,16,9,2014,2014-09-27
28,19.8,26,13.7,9,2014,2014-09-28
29,20.2,26,14.6,9,2014,2014-09-29
30,19.8,26,14.4,9,2014,2014-09-30
1,18.6,25,13.3,10,2010,2010-10-01
2,20.8,27.7,13,10,2010,2010-10-02
3,20.6,23.5,19.3,10,2010,2010-10-03
4,19.3,23.7,14.6,10,2010,2010-10-04
5,17,23.6,12.7,10,2010,2010-10-05
6,16.5,23.4,10.7,10,2010,2010-10-06
7,17.9,26.7,10.7,10,2010,2010-10-07
8,19.4,25.2,12.7,10,2010,2010-10-08
9,18.3,19.7,17.2,10,2010,2010-10-09
10,19.5,24.5,14.8,10,2010,2010-10-10
11,19,24.9,13.6,10,2010,2010-10-11
12,20.3,26.2,14.7,10,2010,2010-10-12
13,19.1,24.5,13.9,10,2010,2010-10-13
14,18.7,25.1,13.4,10,2010,2010-10-14
15,18.6,22.9,14.7,10,2010,2010-10-15
16,16.4,22.5,11.8,10,2010,2010-10-16
17,15.3,22.6,9.5,10,2010,2010-10-17
18,15.4,22.5,9.1,10,2010,2010-10-18
19,17.5,23.5,10.5,10,2010,2010-10-19
20,19.1,22.2,16.2,10,2010,2010-10-20
21,18.4,20,16.6,10,2010,2010-10-21
22,17.5,21,13.7,10,2010,2010-10-22
23,16.6,22.9,11.5,10,2010,2010-10-23
24,17.1,20.8,14.9,10,2010,2010-10-24
25,18,20.7,16.3,10,2010,2010-10-25
26,12.8,17,8.1,10,2010,2010-10-26
27,9.6,12.6,5.9,10,2010,2010-10-27
28,11.8,13.5,9.6,10,2010,2010-10-28
29,14.4,16.9,12.3,10,2010,2010-10-29
30,14.6,16.8,12.8,10,2010,2010-10-30
31,14.6,18,11.6,10,2010,2010-10-31
1,16.5,20.3,11.5,10,2011,2011-10-01
2,15,20.3,10.6,10,2011,2011-10-02
3,14,18.4,8.8,10,2011,2011-10-03
4,13.6,22.1,6.2,10,2011,2011-10-04
5,14.7,19.2,9.1,10,2011,2011-10-05
6,18.2,23.7,13.7,10,2011,2011-10-06
7,15.9,22.1,10.4,10,2011,2011-10-07
8,14.8,22.6,7.9,10,2011,2011-10-08
9,15.9,25,8.4,10,2011,2011-10-09
10,17,24.8,11,10,2011,2011-10-10
11,16.5,22.3,11.9,10,2011,2011-10-11
12,17,24.3,11.1,10,2011,2011-10-12
13,16.2,20,13.3,10,2011,2011-10-13
14,17.8,24.1,12.7,10,2011,2011-10-14
15,21.3,25,18.1,10,2011,2011-10-15
16,17.8,22.4,12.1,10,2011,2011-10-16
17,15.7,21.4,11.1,10,2011,2011-10-17
18,14.3,20.7,9.5,10,2011,2011-10-18
19,14.4,21.3,7.7,10,2011,2011-10-19
20,17,24.9,9.6,10,2011,2011-10-20
21,18.7,25.2,11.8,10,2011,2011-10-21
22,20.2,25.3,17.3,10,2011,2011-10-22
23,18.3,22.4,15.4,10,2011,2011-10-23
24,17.6,22.7,12.6,10,2011,2011-10-24
25,15.7,19.9,9.6,10,2011,2011-10-25
26,11,16.8,6,10,2011,2011-10-26
27,10.9,18.8,3.9,10,2011,2011-10-27
28,13.8,22.1,6.5,10,2011,2011-10-28
29,15.5,22.7,8.2,10,2011,2011-10-29
30,15.1,17.7,13.4,10,2011,2011-10-30
31,15.4,21.2,11,10,2011,2011-10-31
1,18.2,21.4,14.8,10,2012,2012-10-01
2,18.9,25.6,12.8,10,2012,2012-10-02
3,20.1,25.5,14.4,10,2012,2012-10-03
4,20.1,24.5,14,10,2012,2012-10-04
5,17.8,24,11.7,10,2012,2012-10-05
6,17.6,22.6,13.4,10,2012,2012-10-06
7,17.1,22.2,12,10,2012,2012-10-07
8,16.6,23.3,9.2,10,2012,2012-10-08
9,17.3,23.9,11.4,10,2012,2012-10-09
10,18.5,25.4,11.2,10,2012,2012-10-10
11,18.6,23.6,14.8,10,2012,2012-10-11
12,15.5,20.4,8.1,10,2012,2012-10-12
13,14.1,22.4,6.4,10,2012,2012-10-13
14,15.8,21.9,10.8,10,2012,2012-10-14
15,15.8,23.5,8,10,2012,2012-10-15
16,18,25.2,9.8,10,2012,2012-10-16
17,17.9,20.4,15.7,10,2012,2012-10-17
18,16.3,17.4,15,10,2012,2012-10-18
19,14.5,19.3,8.3,10,2012,2012-10-19
20,13.2,21.4,6,10,2012,2012-10-20
21,15.2,23.5,7.8,10,2012,2012-10-21
22,17.6,23.9,8.2,10,2012,2012-10-22
23,14.8,21.3,8.9,10,2012,2012-10-23
24,10.6,17.5,5.2,10,2012,2012-10-24
25,12.3,20.2,6.2,10,2012,2012-10-25
26,13.1,21.5,5.8,10,2012,2012-10-26
27,15.5,23.4,6.8,10,2012,2012-10-27
28,16.1,19.4,12.6,10,2012,2012-10-28
29,12.5,18.2,6.9,10,2012,2012-10-29
30,11.1,18.2,5,10,2012,2012-10-30
31,12,17.9,7.8,10,2012,2012-10-31
1,21.7,27.7,15.4,10,2013,2013-10-01
2,22.1,27.2,19,10,2013,2013-10-02
3,18.9,23.1,12.4,10,2013,2013-10-03
4,17.4,23.5,11.2,10,2013,2013-10-04
5,20.9,24.8,15.7,10,2013,2013-10-05
6,23.4,30.2,16.6,10,2013,2013-10-06
7,23.7,28.9,17.3,10,2013,2013-10-07
8,22.2,26.4,17.9,10,2013,2013-10-08
9,24.7,29.8,19.9,10,2013,2013-10-09
10,24.1,30,19.6,10,2013,2013-10-10
11,24.4,27.2,22,10,2013,2013-10-11
12,18.4,24.8,11.1,10,2013,2013-10-12
13,15.7,23.2,8.5,10,2013,2013-10-13
14,17.8,25.8,8.6,10,2013,2013-10-14
15,18.1,20.9,14,10,2013,2013-10-15
16,15.5,18.1,10.2,10,2013,2013-10-16
17,12.1,17.6,6.7,10,2013,2013-10-17
18,13.9,18.5,8.3,10,2013,2013-10-18
19,15.9,20,13.2,10,2013,2013-10-19
20,16,17.8,14.5,10,2013,2013-10-20
21,17,23.4,13,10,2013,2013-10-21
23,16.9,18.6,14.5,10,2013,2013-10-23
24,18.4,21.4,16.5,10,2013,2013-10-24
25,17.5,19.2,15.3,10,2013,2013-10-25
26,14.2,16.7,9.5,10,2013,2013-10-26
27,11.7,17.8,6.7,10,2013,2013-10-27
28,11.7,19.5,4.7,10,2013,2013-10-28
29,14.2,19.7,9.9,10,2013,2013-10-29
30,13.7,21.1,8.9,10,2013,2013-10-30
31,12.2,18.9,6.5,10,2013,2013-10-31
1,20.8,26.2,16.6,10,2014,2014-10-01
2,20.9,24.4,15.9,10,2014,2014-10-02
3,21.6,25,18.9,10,2014,2014-10-03
4,19.2,21.5,16.7,10,2014,2014-10-04
5,19.9,22.6,18,10,2014,2014-10-05
6,18.3,21.9,14.9,10,2014,2014-10-06
7,15.7,21.8,9.9,10,2014,2014-10-07
8,16.1,24.7,8.7,10,2014,2014-10-08
9,18.8,24.6,12.3,10,2014,2014-10-09
10,20,25.9,14.6,10,2014,2014-10-10
11,19.1,23.1,14.8,10,2014,2014-10-11
12,19.4,24.1,14.1,10,2014,2014-10-12
13,18.2,20.5,16.4,10,2014,2014-10-13
14,15.3,18.5,11.2,10,2014,2014-10-14
15,13.2,18.2,8.9,10,2014,2014-10-15
16,13.3,20.7,6.6,10,2014,2014-10-16
17,12.8,19.3,7.2,10,2014,2014-10-17
18,12.1,21,5.2,10,2014,2014-10-18
19,14.2,23.6,4.5,10,2014,2014-10-19
20,17.2,19.4,15.1,10,2014,2014-10-20
21,19.4,24.8,15.8,10,2014,2014-10-21
22,16.2,18.9,14.4,10,2014,2014-10-22
23,13.7,18.6,7.7,10,2014,2014-10-23
24,12,20.8,4.8,10,2014,2014-10-24
25,13,21.9,5.5,10,2014,2014-10-25
26,16.4,25,8.7,10,2014,2014-10-26
27,14.6,21.3,7.3,10,2014,2014-10-27
28,10,16.8,4.7,10,2014,2014-10-28
29,9.8,18,2.2,10,2014,2014-10-29
30,13.5,21.9,6.2,10,2014,2014-10-30
31,16.1,21.2,11.2,10,2014,2014-10-31
1,13.6,NA,NA,11,2010,2010-11-01
2,10.7,16.8,5,11,2010,2010-11-02
3,9.3,15.9,4.4,11,2010,2010-11-03
4,8.7,16.7,2.1,11,2010,2010-11-04
5,9.3,17.8,2.1,11,2010,2010-11-05
6,9.9,19,3.1,11,2010,2010-11-06
7,11.5,18.9,4.7,11,2010,2010-11-07
8,13.8,20.4,8.3,11,2010,2010-11-08
9,10.5,14.5,3.5,11,2010,2010-11-09
10,7.4,13.9,1.6,11,2010,2010-11-10
11,6.7,15.2,-0.8,11,2010,2010-11-11
12,10.4,18.3,4.2,11,2010,2010-11-12
13,10.6,16,5.5,11,2010,2010-11-13
14,13.5,18.9,10.2,11,2010,2010-11-14
15,10,13.1,7.3,11,2010,2010-11-15
16,8,12.8,3.2,11,2010,2010-11-16
17,7.5,14.2,2.7,11,2010,2010-11-17
18,7.4,12.4,1.8,11,2010,2010-11-18
19,7.5,15.1,-0.9,11,2010,2010-11-19
20,9.6,17.2,3.9,11,2010,2010-11-20
21,10.6,19.2,1.3,11,2010,2010-11-21
22,13.4,17,11.4,11,2010,2010-11-22
23,9.6,12.4,6.2,11,2010,2010-11-23
24,7.5,12.2,2.3,11,2010,2010-11-24
25,7.5,14.2,0.6,11,2010,2010-11-25
26,8.1,14.1,2.8,11,2010,2010-11-26
27,6.3,13,1.3,11,2010,2010-11-27
28,6.8,13.5,0.3,11,2010,2010-11-28
29,4.7,13,-2.5,11,2010,2010-11-29
30,5.8,13.5,-2,11,2010,2010-11-30
1,15.8,23.6,8.6,11,2011,2011-11-01
2,15.9,21.8,9.5,11,2011,2011-11-02
3,17.2,22.5,13.1,11,2011,2011-11-03
4,17.3,25.3,11.5,11,2011,2011-11-04
5,16.8,19.7,13.1,11,2011,2011-11-05
6,19.1,22.9,17.1,11,2011,2011-11-06
7,15.4,18.5,9.8,11,2011,2011-11-07
8,11.4,17.7,6.5,11,2011,2011-11-08
9,10.6,16.2,5.5,11,2011,2011-11-09
10,11.2,15.2,7.4,11,2011,2011-11-10
11,13.6,15.8,10.9,11,2011,2011-11-11
12,13.7,19.6,9.7,11,2011,2011-11-12
13,14.3,20.9,9.7,11,2011,2011-11-13
14,11.7,18.9,6.7,11,2011,2011-11-14
15,10.3,16.7,5.9,11,2011,2011-11-15
16,8.1,14.3,3.6,11,2011,2011-11-16
17,9.5,16,3.4,11,2011,2011-11-17
18,12.5,16.2,7.1,11,2011,2011-11-18
19,16.1,18.3,13.3,11,2011,2011-11-19
20,13.5,17.9,7.4,11,2011,2011-11-20
21,7,12.1,1.8,11,2011,2011-11-21
22,6.4,13.5,0,11,2011,2011-11-22
23,10.1,15.8,3.2,11,2011,2011-11-23
24,7.8,11.4,2.3,11,2011,2011-11-24
25,5.3,12.1,-1,11,2011,2011-11-25
26,5.4,14,-1.1,11,2011,2011-11-26
27,7.2,15.1,0.9,11,2011,2011-11-27
28,9.4,15.4,5,11,2011,2011-11-28
29,11.3,18.4,5.7,11,2011,2011-11-29
30,12.2,18.7,6.4,11,2011,2011-11-30
1,11.6,16.2,7.7,11,2012,2012-11-01
2,9,13.8,3.4,11,2012,2012-11-02
3,9.8,14.5,4.8,11,2012,2012-11-03
4,9.2,15.8,1.8,11,2012,2012-11-04
5,12.1,16.7,8.2,11,2012,2012-11-05
6,12.7,18.5,5.4,11,2012,2012-11-06
7,9.6,17.1,3.8,11,2012,2012-11-07
8,11.1,17.6,4.7,11,2012,2012-11-08
9,10.1,17.2,6,11,2012,2012-11-09
10,9.4,15.7,3,11,2012,2012-11-10
11,12.3,15.6,7,11,2012,2012-11-11
12,11.4,15.4,5,11,2012,2012-11-12
13,8.8,16,3.3,11,2012,2012-11-13
14,7.6,12.4,3.2,11,2012,2012-11-14
15,5.6,9.5,1.7,11,2012,2012-11-15
16,7.5,15.1,1.8,11,2012,2012-11-16
17,10.7,13.5,5.3,11,2012,2012-11-17
18,8.9,12.9,3.2,11,2012,2012-11-18
19,7.2,14,0.7,11,2012,2012-11-19
20,9.1,13.3,5.8,11,2012,2012-11-20
21,8.2,12.4,4.9,11,2012,2012-11-21
22,9.1,15,6.4,11,2012,2012-11-22
23,9.7,12.1,7.6,11,2012,2012-11-23
24,7.3,10.8,1,11,2012,2012-11-24
25,5.7,13.8,-1.5,11,2012,2012-11-25
26,9.8,17,5.1,11,2012,2012-11-26
27,4.9,8.4,-0.4,11,2012,2012-11-27
28,4,10.7,-2.5,11,2012,2012-11-28
29,6.5,14.1,0.3,11,2012,2012-11-29
30,6.3,12.6,1.4,11,2012,2012-11-30
1,11.8,18.8,6.9,11,2013,2013-11-01
2,12.5,19.8,5.3,11,2013,2013-11-02
3,15.1,17.2,12.6,11,2013,2013-11-03
4,14.1,19,8.4,11,2013,2013-11-04
5,11.4,17.5,6,11,2013,2013-11-05
6,12.3,19,3.8,11,2013,2013-11-06
7,14.4,20.6,7,11,2013,2013-11-07
8,11.5,19.9,4.2,11,2013,2013-11-08
9,12,18.3,5.4,11,2013,2013-11-09
10,15.1,19.6,10.5,11,2013,2013-11-10
11,9.2,14.1,4.1,11,2013,2013-11-11
12,6.4,11.4,2.3,11,2013,2013-11-12
13,6.9,11.5,3.7,11,2013,2013-11-13
14,7.6,14.3,0.5,11,2013,2013-11-14
15,10.5,15.5,5.8,11,2013,2013-11-15
16,8.8,17.1,3.7,11,2013,2013-11-16
17,9.4,17.9,2.3,11,2013,2013-11-17
18,7.4,11.9,0.6,11,2013,2013-11-18
19,5.6,10.6,0.5,11,2013,2013-11-19
20,4.6,11.3,-0.9,11,2013,2013-11-20
21,5.6,13.2,-0.8,11,2013,2013-11-21
22,6.3,14.2,-1.2,11,2013,2013-11-22
23,6.3,14.7,0.3,11,2013,2013-11-23
24,7.2,15.6,0.4,11,2013,2013-11-24
25,12.1,15.6,8.4,11,2013,2013-11-25
26,6.6,12,-0.2,11,2013,2013-11-26
27,7.1,13.9,-0.1,11,2013,2013-11-27
28,5.1,9.7,-1.8,11,2013,2013-11-28
29,2.1,8.8,-3.7,11,2013,2013-11-29
30,2.9,10.8,-3,11,2013,2013-11-30
1,17,19.6,15.3,11,2014,2014-11-01
2,18.1,20.9,14.2,11,2014,2014-11-02
3,11.4,15.4,5.2,11,2014,2014-11-03
4,9.3,17.1,3,11,2014,2014-11-04
5,11.4,20.2,2.6,11,2014,2014-11-05
6,15.1,19.3,11.3,11,2014,2014-11-06
7,12.2,17.4,5.5,11,2014,2014-11-07
8,10.3,16.4,3.9,11,2014,2014-11-08
9,12.2,14.9,8.8,11,2014,2014-11-09
10,12.4,17.7,5.6,11,2014,2014-11-10
11,10.7,18.2,4,11,2014,2014-11-11
12,12.6,17.5,7.8,11,2014,2014-11-12
13,8.6,12.3,1.6,11,2014,2014-11-13
14,5.2,12.7,-0.4,11,2014,2014-11-14
15,6.4,14.1,-0.8,11,2014,2014-11-15
16,7.2,15.6,1.5,11,2014,2014-11-16
17,8,16,1.2,11,2014,2014-11-17
18,7.4,12.4,2.6,11,2014,2014-11-18
19,6.2,13,0.8,11,2014,2014-11-19
20,6.4,14,1.7,11,2014,2014-11-20
21,7,17.1,-0.8,11,2014,2014-11-21
22,10.6,19.8,4.1,11,2014,2014-11-22
23,9.3,17.7,2.9,11,2014,2014-11-23
24,9.8,18.3,2.4,11,2014,2014-11-24
25,12.1,13.8,10,11,2014,2014-11-25
26,11.8,14.8,7.1,11,2014,2014-11-26
27,9.1,15.6,3.5,11,2014,2014-11-27
28,12,19.9,2.9,11,2014,2014-11-28
29,14.6,18.4,7.1,11,2014,2014-11-29
30,12,19,4.7,11,2014,2014-11-30
1,8.5,17.6,2,12,2010,2010-12-01
2,11,19.6,0.2,12,2010,2010-12-02
3,12,16.7,6.3,12,2010,2010-12-03
4,6.2,11.7,0.6,12,2010,2010-12-04
5,5.6,15.4,-1.3,12,2010,2010-12-05
6,7.2,16.5,-0.8,12,2010,2010-12-06
7,7.3,9.6,5.1,12,2010,2010-12-07
8,6.2,11.5,0.8,12,2010,2010-12-08
9,4,9.4,-0.2,12,2010,2010-12-09
10,3.2,10.3,-2.2,12,2010,2010-12-10
11,5.3,12.3,-1.5,12,2010,2010-12-11
12,5.3,11,-1.3,12,2010,2010-12-12
13,9.1,17.9,3.7,12,2010,2010-12-13
14,11.5,15,6.5,12,2010,2010-12-14
15,3.8,7.5,-0.1,12,2010,2010-12-15
16,1.3,4.2,-2.6,12,2010,2010-12-16
17,1.6,7.5,-3.3,12,2010,2010-12-17
18,3.7,9.4,-0.8,12,2010,2010-12-18
19,3,11.4,-3.5,12,2010,2010-12-19
20,6.5,14.3,1,12,2010,2010-12-20
21,6.1,12.1,-1.5,12,2010,2010-12-21
22,8.7,13.1,3.4,12,2010,2010-12-22
23,6.1,12.6,1.4,12,2010,2010-12-23
24,2.9,8.4,-1.4,12,2010,2010-12-24
25,0.2,3.7,-1.6,12,2010,2010-12-25
26,0.3,6.6,-5.2,12,2010,2010-12-26
27,0.5,5.8,-5.5,12,2010,2010-12-27
28,4.8,12.4,-2.2,12,2010,2010-12-28
29,2.4,6.9,-3,12,2010,2010-12-29
30,-0.4,2.9,-3.9,12,2010,2010-12-30
31,-0.2,2.9,-2.7,12,2010,2010-12-31
1,9.4,11.2,7.9,12,2011,2011-12-01
2,9.6,12.5,7.7,12,2011,2011-12-02
3,13.4,17.2,9.7,12,2011,2011-12-03
4,8.8,13.7,4.1,12,2011,2011-12-04
5,6.2,12.4,0.9,12,2011,2011-12-05
6,5.8,11.3,2.3,12,2011,2011-12-06
7,7.4,13.7,2.2,12,2011,2011-12-07
8,7.6,9.1,6.2,12,2011,2011-12-08
9,3.5,7.2,-2,12,2011,2011-12-09
10,2.7,8.5,-3,12,2011,2011-12-10
11,2.9,9.3,-2.2,12,2011,2011-12-11
12,4.1,11.9,-2.9,12,2011,2011-12-12
13,5.4,12.4,0.2,12,2011,2011-12-13
14,5.2,14.3,-1.3,12,2011,2011-12-14
15,5,13.1,-1,12,2011,2011-12-15
16,2.2,7.6,-2.3,12,2011,2011-12-16
17,0.7,7.4,-5.1,12,2011,2011-12-17
18,2.3,9.1,-4.7,12,2011,2011-12-18
19,3,8.7,-3.8,12,2011,2011-12-19
20,2.6,8.9,-1.7,12,2011,2011-12-20
21,4,10.4,-1.2,12,2011,2011-12-21
22,4.2,9.7,-0.1,12,2011,2011-12-22
23,1.4,5.4,-3.4,12,2011,2011-12-23
24,0.9,7.2,-4.7,12,2011,2011-12-24
25,0.3,5.8,-5.1,12,2011,2011-12-25
26,-0.5,4.7,-3.8,12,2011,2011-12-26
27,0,5.7,-4.4,12,2011,2011-12-27
28,1.4,7.7,-4.1,12,2011,2011-12-28
29,3,9.8,-4.8,12,2011,2011-12-29
30,2.2,6,-2.6,12,2011,2011-12-30
31,0.6,7.9,-5.6,12,2011,2011-12-31
1,4,8.4,0.8,12,2012,2012-12-01
2,3.8,7.1,0.4,12,2012,2012-12-02
3,5.1,12.5,-1.9,12,2012,2012-12-03
4,6.3,9.9,-0.8,12,2012,2012-12-04
5,2.5,9.3,-2.7,12,2012,2012-12-05
6,4.3,11.4,-3,12,2012,2012-12-06
7,1.2,7.4,-4.7,12,2012,2012-12-07
8,3.5,8.2,-2.6,12,2012,2012-12-08
9,0.3,5,-3.8,12,2012,2012-12-09
10,0.1,5.2,-4.8,12,2012,2012-12-10
11,0.5,7.4,-5,12,2012,2012-12-11
12,1.1,7.5,-4.3,12,2012,2012-12-12
13,1.6,9.3,-4,12,2012,2012-12-13
14,4.5,11.9,-4.6,12,2012,2012-12-14
15,10.3,13.5,7,12,2012,2012-12-15
16,8.3,11.6,3.4,12,2012,2012-12-16
17,5.8,13.7,-0.5,12,2012,2012-12-17
18,5.2,8.1,2.6,12,2012,2012-12-18
19,1.6,5.2,-3,12,2012,2012-12-19
20,1.6,8.4,-4.7,12,2012,2012-12-20
21,3.1,7.3,-2.6,12,2012,2012-12-21
22,6.6,10.5,4.1,12,2012,2012-12-22
23,2.8,8.4,-1.3,12,2012,2012-12-23
24,-0.2,5.1,-4.7,12,2012,2012-12-24
25,0,5.3,-5.1,12,2012,2012-12-25
26,0.8,4.2,-2.2,12,2012,2012-12-26
27,-0.6,6.3,-5.5,12,2012,2012-12-27
28,1.5,4.8,-4.4,12,2012,2012-12-28
29,7.3,12.5,3.4,12,2012,2012-12-29
30,7.5,9.4,4.9,12,2012,2012-12-30
31,1.9,5.2,-1.9,12,2012,2012-12-31
1,4.7,13.5,-2.3,12,2013,2013-12-01
2,4.8,13.8,-2.3,12,2013,2013-12-02
3,4.4,12.8,-2.3,12,2013,2013-12-03
4,5.2,13,-1.5,12,2013,2013-12-04
5,5.6,13.9,-0.7,12,2013,2013-12-05
6,6,13.9,0.8,12,2013,2013-12-06
7,5.1,11.7,-1.3,12,2013,2013-12-07
8,3.9,10.4,-1.2,12,2013,2013-12-08
9,5.7,13.4,-2.7,12,2013,2013-12-09
10,8.1,11.2,4.4,12,2013,2013-12-10
11,6.1,10.9,2.6,12,2013,2013-12-11
12,2.3,6.3,-2.6,12,2013,2013-12-12
13,2.1,9.2,-3.5,12,2013,2013-12-13
14,1.5,6.6,-4.7,12,2013,2013-12-14
15,4.4,8.5,0.9,12,2013,2013-12-15
16,4.7,7.9,1.9,12,2013,2013-12-16
17,5,9.1,0.3,12,2013,2013-12-17
18,4.9,6,3.9,12,2013,2013-12-18
19,6.4,8.7,4.2,12,2013,2013-12-19
20,3.1,5.7,-1.2,12,2013,2013-12-20
21,3.5,6.3,1.5,12,2013,2013-12-21
22,2.7,5.4,-0.2,12,2013,2013-12-22
23,3.3,7.8,-1.7,12,2013,2013-12-23
24,3.8,8.1,0.5,12,2013,2013-12-24
25,3.8,9.4,0.3,12,2013,2013-12-25
26,4.7,7.5,0.2,12,2013,2013-12-26
27,3.8,6.6,0.8,12,2013,2013-12-27
28,0.8,5,-2,12,2013,2013-12-28
29,0.2,6.1,-4.2,12,2013,2013-12-29
30,0.7,6.9,-5.1,12,2013,2013-12-30
31,2.7,10.3,-2.4,12,2013,2013-12-31
1,12.9,17,5.5,12,2014,2014-12-01
2,3.8,7.4,0.4,12,2014,2014-12-02
3,4.2,9.4,-2.8,12,2014,2014-12-03
4,5.6,7.4,2.5,12,2014,2014-12-04
5,2.7,7.3,-0.5,12,2014,2014-12-05
6,2,7,-2.8,12,2014,2014-12-06
7,2.5,8,-3.1,12,2014,2014-12-07
8,3.3,9.1,-3.4,12,2014,2014-12-08
9,4.1,11.5,-1.9,12,2014,2014-12-09
10,6,12.6,-0.2,12,2014,2014-12-10
11,8.3,11.4,5.8,12,2014,2014-12-11
12,5.3,8.8,2,12,2014,2014-12-12
13,1.9,7.4,-2.6,12,2014,2014-12-13
14,1,6.3,-4.4,12,2014,2014-12-14
15,1.8,6.8,-4.3,12,2014,2014-12-15
16,3.5,6.1,0.4,12,2014,2014-12-16
17,-0.5,2.5,-2.8,12,2014,2014-12-17
18,-0.7,3.2,-3.4,12,2014,2014-12-18
19,1.6,7.2,-1.6,12,2014,2014-12-19
20,4.7,8,0.2,12,2014,2014-12-20
21,3.4,7.9,-0.2,12,2014,2014-12-21
22,1,4.7,-3.9,12,2014,2014-12-22
23,3.8,9.7,-1.7,12,2014,2014-12-23
24,3.2,10,-2.8,12,2014,2014-12-24
25,3.3,7.2,-0.3,12,2014,2014-12-25
26,2.1,7,-3,12,2014,2014-12-26
27,1.8,7.5,-2.9,12,2014,2014-12-27
28,1.4,6.6,-5,12,2014,2014-12-28
29,5.1,10.3,0,12,2014,2014-12-29
30,3.2,10.9,-2.1,12,2014,2014-12-30
31,3.2,11.8,-3.7,12,2014,2014-12-31
